fproceso,subdepto,qfabrica,pares,vcestil,requiere,meta,ndepto
06/04/2017,"CORTE",2,192,"10302",T,4000,"CCLICKEN"
06/04/2017,"CORTE",2,200,"10303",T,4000,"CCLICKEN"
06/04/2017,"CORTE",2,68,"12647",T,4000,"CCLICKEN"
06/04/2017,"CORTE",2,298,"18299",T,4000,"CCLICKEN"
06/04/2017,"CORTE",2,69,"18312",T,4000,"CCLICKEN"
06/04/2017,"CORTE",2,65,"18318",T,4000,"CCLICKEN"
06/04/2017,"CORTE",2,281,"75015",T,4000,"CCLICKEN"
07/04/2017,"CORTE",2,200,"10300",T,2000,"CCLICKEN"
07/04/2017,"CORTE",2,150,"14862",T,2000,"CCLICKEN"
07/04/2017,"CORTE",2,14,"1525",T,2000,"CCLICKEN"
07/04/2017,"CORTE",2,5,"18303",T,2000,"CCLICKEN"
07/04/2017,"CORTE",2,412,"18312",T,2000,"CCLICKEN"
07/04/2017,"CORTE",2,37,"18318",T,2000,"CCLICKEN"
07/04/2017,"CORTE",2,399,"18320",T,2000,"CCLICKEN"
07/04/2017,"CORTE",2,150,"783",T,2000,"CCLICKEN"
08/04/2017,"CORTE",2,60,"11977",T,2000,"CCLICKEN"
08/04/2017,"CORTE",2,84,"12647",T,2000,"CCLICKEN"
08/04/2017,"CORTE",2,127,"1525",T,2000,"CCLICKEN"
08/04/2017,"CORTE",2,282,"18312",T,2000,"CCLICKEN"
08/04/2017,"CORTE",2,252,"20081",T,2000,"CCLICKEN"
08/04/2017,"CORTE",2,281,"30022",T,2000,"CCLICKEN"
08/04/2017,"CORTE",2,240,"550",T,2000,"CCLICKEN"
08/04/2017,"CORTE",2,115,"60253",T,2000,"CCLICKEN"
08/04/2017,"CORTE",2,240,"9167",T,2000,"CCLICKEN"
08/04/2017,"CORTE",2,240,"9169",T,2000,"CCLICKEN"
17/04/2017,"CORTE",2,135,"10303",T,4000,"CCLICKEN"
17/04/2017,"CORTE",2,166,"1525",T,4000,"CCLICKEN"
17/04/2017,"CORTE",2,6,"18312",T,4000,"CCLICKEN"
17/04/2017,"CORTE",2,78,"20021",T,4000,"CCLICKEN"
18/04/2017,"CORTE",2,65,"10303",T,4000,"CCLICKEN"
18/04/2017,"CORTE",2,37,"11571",T,4000,"CCLICKEN"
18/04/2017,"CORTE",2,24,"13904",T,4000,"CCLICKEN"
18/04/2017,"CORTE",2,547,"1525",T,4000,"CCLICKEN"
18/04/2017,"CORTE",2,97,"18311",T,4000,"CCLICKEN"
18/04/2017,"CORTE",2,100,"20021",T,4000,"CCLICKEN"
18/04/2017,"CORTE",2,84,"20023",T,4000,"CCLICKEN"
18/04/2017,"CORTE",2,2,"20081",T,4000,"CCLICKEN"
18/04/2017,"CORTE",2,40,"2052",T,4000,"CCLICKEN"
18/04/2017,"CORTE",2,149,"30221",T,4000,"CCLICKEN"
18/04/2017,"CORTE",2,12,"40074",T,4000,"CCLICKEN"
18/04/2017,"CORTE",2,9,"50011",T,4000,"CCLICKEN"
19/04/2017,"CORTE",2,290,"10300",T,4000,"CCLICKEN"
19/04/2017,"CORTE",2,24,"10708",T,4000,"CCLICKEN"
19/04/2017,"CORTE",2,12,"13904",T,4000,"CCLICKEN"
19/04/2017,"CORTE",2,126,"1525",T,4000,"CCLICKEN"
19/04/2017,"CORTE",2,100,"18298",T,4000,"CCLICKEN"
19/04/2017,"CORTE",2,59,"18311",T,4000,"CCLICKEN"
19/04/2017,"CORTE",2,7,"18312",T,4000,"CCLICKEN"
19/04/2017,"CORTE",2,48,"30021",T,4000,"CCLICKEN"
19/04/2017,"CORTE",2,80,"40074",T,4000,"CCLICKEN"
19/04/2017,"CORTE",2,387,"8043",T,4000,"CCLICKEN"
19/04/2017,"CORTE",2,200,"8060",T,4000,"CCLICKEN"
20/04/2017,"CORTE",2,200,"10302",T,4000,"CCLICKEN"
20/04/2017,"CORTE",2,22,"10700",T,4000,"CCLICKEN"
20/04/2017,"CORTE",2,12,"10708",T,4000,"CCLICKEN"
20/04/2017,"CORTE",2,731,"18312",T,4000,"CCLICKEN"
20/04/2017,"CORTE",2,40,"18314",T,4000,"CCLICKEN"
20/04/2017,"CORTE",2,24,"40802",T,4000,"CCLICKEN"
20/04/2017,"CORTE",2,28,"90083",T,4000,"CCLICKEN"
21/04/2017,"CORTE",2,34,"10556",T,4000,"CCLICKEN"
21/04/2017,"CORTE",2,36,"10693",T,4000,"CCLICKEN"
21/04/2017,"CORTE",2,397,"1525",T,4000,"CCLICKEN"
21/04/2017,"CORTE",2,2,"18312",T,4000,"CCLICKEN"
22/04/2017,"CORTE",2,200,"10300",T,4000,"CCLICKEN"
22/04/2017,"CORTE",2,29,"14862",T,4000,"CCLICKEN"
22/04/2017,"CORTE",2,30,"18311",T,4000,"CCLICKEN"
22/04/2017,"CORTE",2,194,"18320",T,4000,"CCLICKEN"
22/04/2017,"CORTE",2,31,"783",T,4000,"CCLICKEN"
24/04/2017,"CORTE",2,78,"1525",T,4000,"CCLICKEN"
24/04/2017,"CORTE",2,188,"18311",T,4000,"CCLICKEN"
24/04/2017,"CORTE",2,44,"554",T,4000,"CCLICKEN"
24/04/2017,"CORTE",2,58,"6686",T,4000,"CCLICKEN"
24/04/2017,"CORTE",2,6,"90081",T,4000,"CCLICKEN"
25/04/2017,"CORTE",2,300,"10302",T,4000,"CCLICKEN"
25/04/2017,"CORTE",2,47,"10556",T,4000,"CCLICKEN"
25/04/2017,"CORTE",2,24,"11974",T,4000,"CCLICKEN"
25/04/2017,"CORTE",2,311,"1525",T,4000,"CCLICKEN"
25/04/2017,"CORTE",2,402,"18312",T,4000,"CCLICKEN"
25/04/2017,"CORTE",2,99,"18318",T,4000,"CCLICKEN"
25/04/2017,"CORTE",2,103,"20081",T,4000,"CCLICKEN"
25/04/2017,"CORTE",2,42,"30221",T,4000,"CCLICKEN"
25/04/2017,"CORTE",2,82,"30222",T,4000,"CCLICKEN"
26/04/2017,"CORTE",2,200,"10303",T,4000,"CCLICKEN"
26/04/2017,"CORTE",2,220,"11077",T,4000,"CCLICKEN"
26/04/2017,"CORTE",2,10,"1525",T,4000,"CCLICKEN"
26/04/2017,"CORTE",2,100,"18299",T,4000,"CCLICKEN"
26/04/2017,"CORTE",2,390,"18312",T,4000,"CCLICKEN"
26/04/2017,"CORTE",2,240,"18314",T,4000,"CCLICKEN"
26/04/2017,"CORTE",2,240,"2052",T,4000,"CCLICKEN"
26/04/2017,"CORTE",2,189,"30222",T,4000,"CCLICKEN"
26/04/2017,"CORTE",2,382,"8043",T,4000,"CCLICKEN"
27/04/2017,"CORTE",2,24,"10708",T,4000,"CCLICKEN"
27/04/2017,"CORTE",2,413,"11077",T,4000,"CCLICKEN"
27/04/2017,"CORTE",2,200,"18314",T,4000,"CCLICKEN"
27/04/2017,"CORTE",2,186,"20081",T,4000,"CCLICKEN"
27/04/2017,"CORTE",2,10,"8043",T,4000,"CCLICKEN"
27/04/2017,"CORTE",2,200,"8060",T,4000,"CCLICKEN"
28/04/2017,"CORTE",2,181,"10303",T,4000,"CCLICKEN"
28/04/2017,"CORTE",2,166,"11077",T,4000,"CCLICKEN"
28/04/2017,"CORTE",2,221,"11974",T,4000,"CCLICKEN"
28/04/2017,"CORTE",2,99,"18299",T,4000,"CCLICKEN"
28/04/2017,"CORTE",2,123,"20021",T,4000,"CCLICKEN"
29/04/2017,"CORTE",2,200,"10300",T,2000,"CCLICKEN"
29/04/2017,"CORTE",2,19,"10303",T,2000,"CCLICKEN"
29/04/2017,"CORTE",2,175,"1525",T,2000,"CCLICKEN"
29/04/2017,"CORTE",2,153,"30221",T,2000,"CCLICKEN"
02/05/2017,"CORTE",2,300,"10302",T,4000,"CCLICKEN"
02/05/2017,"CORTE",2,34,"11571",T,4000,"CCLICKEN"
02/05/2017,"CORTE",2,487,"1525",T,4000,"CCLICKEN"
02/05/2017,"CORTE",2,199,"1645",T,4000,"CCLICKEN"
02/05/2017,"CORTE",2,200,"18298",T,4000,"CCLICKEN"
02/05/2017,"CORTE",2,78,"18303",T,4000,"CCLICKEN"
02/05/2017,"CORTE",2,423,"18312",T,4000,"CCLICKEN"
02/05/2017,"CORTE",2,250,"2052",T,4000,"CCLICKEN"
02/05/2017,"CORTE",2,66,"30222",T,4000,"CCLICKEN"
02/05/2017,"CORTE",2,250,"550",T,4000,"CCLICKEN"
02/05/2017,"CORTE",2,382,"8043",T,4000,"CCLICKEN"
02/05/2017,"CORTE",2,200,"8060",T,4000,"CCLICKEN"
03/05/2017,"CORTE",2,640,"11077",T,4000,"CCLICKEN"
03/05/2017,"CORTE",2,425,"18312",T,4000,"CCLICKEN"
03/05/2017,"CORTE",2,214,"9167",T,4000,"CCLICKEN"
03/05/2017,"CORTE",2,300,"9169",T,4000,"CCLICKEN"
03/05/2017,"CORTE",2,57,"P5020",T,4000,"CCLICKEN"
03/05/2017,"CORTE",2,57,"P5021",T,4000,"CCLICKEN"
03/05/2017,"CORTE",2,33,"P5042",T,4000,"CCLICKEN"
06/04/2017,"CORTE",3,8,"10302",T,0,"CPUENTE"
06/04/2017,"CORTE",3,500,"18311",T,0,"CPUENTE"
06/04/2017,"CORTE",3,342,"40074",T,0,"CPUENTE"
06/04/2017,"CORTE",3,60,"40803",T,0,"CPUENTE"
07/04/2017,"CORTE",3,10,"10552",T,0,"CPUENTE"
07/04/2017,"CORTE",3,200,"14076",T,0,"CPUENTE"
07/04/2017,"CORTE",3,184,"18303",T,0,"CPUENTE"
07/04/2017,"CORTE",3,41,"18311",T,0,"CPUENTE"
07/04/2017,"CORTE",3,48,"30093",T,0,"CPUENTE"
07/04/2017,"CORTE",3,124,"40074",T,0,"CPUENTE"
07/04/2017,"CORTE",3,250,"554",T,0,"CPUENTE"
17/04/2017,"CORTE",3,6,"1525",T,0,"CPUENTE"
17/04/2017,"CORTE",3,259,"18311",T,0,"CPUENTE"
17/04/2017,"CORTE",3,12,"30022",T,0,"CPUENTE"
17/04/2017,"CORTE",3,35,"60253",T,0,"CPUENTE"
17/04/2017,"CORTE",3,113,"75015",T,0,"CPUENTE"
17/04/2017,"CORTE",3,196,"8044",T,0,"CPUENTE"
17/04/2017,"CORTE",3,198,"95082",T,0,"CPUENTE"
18/04/2017,"CORTE",3,860,"10673",T,0,"CPUENTE"
18/04/2017,"CORTE",3,42,"12647",T,0,"CPUENTE"
18/04/2017,"CORTE",3,22,"75015",T,0,"CPUENTE"
19/04/2017,"CORTE",3,10,"10300",T,0,"CPUENTE"
19/04/2017,"CORTE",3,1022,"10673",T,0,"CPUENTE"
19/04/2017,"CORTE",3,400,"18320",T,0,"CPUENTE"
20/04/2017,"CORTE",3,196,"14076",T,0,"CPUENTE"
20/04/2017,"CORTE",3,325,"40074",T,0,"CPUENTE"
21/04/2017,"CORTE",3,30,"10556",T,0,"CPUENTE"
21/04/2017,"CORTE",3,933,"10673",T,0,"CPUENTE"
21/04/2017,"CORTE",3,9,"1645",T,0,"CPUENTE"
21/04/2017,"CORTE",3,420,"40074",T,0,"CPUENTE"
22/04/2017,"CORTE",3,161,"1645",T,0,"CPUENTE"
24/04/2017,"CORTE",3,178,"14076",T,0,"CPUENTE"
24/04/2017,"CORTE",3,24,"18311",T,0,"CPUENTE"
24/04/2017,"CORTE",3,16,"20021",T,0,"CPUENTE"
24/04/2017,"CORTE",3,46,"20081",T,0,"CPUENTE"
24/04/2017,"CORTE",3,364,"30221",T,0,"CPUENTE"
24/04/2017,"CORTE",3,248,"40074",T,0,"CPUENTE"
24/04/2017,"CORTE",3,26,"50011",T,0,"CPUENTE"
26/04/2017,"CORTE",3,1245,"12647",T,0,"CPUENTE"
27/04/2017,"CORTE",3,830,"10673",T,0,"CPUENTE"
28/04/2017,"CORTE",3,25,"11974",T,0,"CPUENTE"
28/04/2017,"CORTE",3,10,"20021",T,0,"CPUENTE"
28/04/2017,"CORTE",3,200,"8044",T,0,"CPUENTE"
29/04/2017,"CORTE",3,383,"18320",T,0,"CPUENTE"
29/04/2017,"CORTE",3,474,"30022",T,0,"CPUENTE"
29/04/2017,"CORTE",3,150,"783",T,0,"CPUENTE"
02/05/2017,"CORTE",3,188,"14076",T,0,"CPUENTE"
02/05/2017,"CORTE",3,200,"18314",T,0,"CPUENTE"
02/05/2017,"CORTE",3,100,"554",T,0,"CPUENTE"
03/05/2017,"CORTE",3,417,"12647",T,0,"CPUENTE"
03/05/2017,"CORTE",3,213,"60253",T,0,"CPUENTE"
03/05/2017,"CORTE",3,362,"75015",T,0,"CPUENTE"
06/04/2017,"CORTE",4,26,"10552",T,0,"CFLASH"
06/04/2017,"CORTE",4,313,"10673",T,0,"CFLASH"
06/04/2017,"CORTE",4,12,"10699",T,0,"CFLASH"
06/04/2017,"CORTE",4,138,"10709",T,0,"CFLASH"
06/04/2017,"CORTE",4,134,"11123",T,0,"CFLASH"
06/04/2017,"CORTE",4,36,"11932",T,0,"CFLASH"
06/04/2017,"CORTE",4,67,"13904",T,0,"CFLASH"
06/04/2017,"CORTE",4,20,"13906",T,0,"CFLASH"
06/04/2017,"CORTE",4,24,"30093",T,0,"CFLASH"
06/04/2017,"CORTE",4,104,"30245",T,0,"CFLASH"
06/04/2017,"CORTE",4,13,"40074",T,0,"CFLASH"
06/04/2017,"CORTE",4,288,"60251",T,0,"CFLASH"
06/04/2017,"CORTE",4,36,"90078",T,0,"CFLASH"
06/04/2017,"CORTE",4,108,"90081",T,0,"CFLASH"
06/04/2017,"CORTE",4,64,"90084",T,0,"CFLASH"
06/04/2017,"CORTE",4,44,"95081",T,0,"CFLASH"
06/04/2017,"CORTE",4,22,"95082",T,0,"CFLASH"
07/04/2017,"CORTE",4,100,"11932",T,0,"CFLASH"
07/04/2017,"CORTE",4,262,"1525",T,0,"CFLASH"
07/04/2017,"CORTE",4,68,"40801",T,0,"CFLASH"
07/04/2017,"CORTE",4,8,"90084",T,0,"CFLASH"
08/04/2017,"CORTE",4,250,"1525",T,0,"CFLASH"
08/04/2017,"CORTE",4,11,"40801",T,0,"CFLASH"
17/04/2017,"CORTE",4,238,"10554",T,0,"CFLASH"
17/04/2017,"CORTE",4,612,"10709",T,0,"CFLASH"
17/04/2017,"CORTE",4,19,"11123",T,0,"CFLASH"
17/04/2017,"CORTE",4,64,"30092",T,0,"CFLASH"
17/04/2017,"CORTE",4,63,"40801",T,0,"CFLASH"
18/04/2017,"CORTE",4,49,"10552",T,0,"CFLASH"
18/04/2017,"CORTE",4,48,"10554",T,0,"CFLASH"
18/04/2017,"CORTE",4,20,"10700",T,0,"CFLASH"
18/04/2017,"CORTE",4,117,"11123",T,0,"CFLASH"
18/04/2017,"CORTE",4,12,"11571",T,0,"CFLASH"
18/04/2017,"CORTE",4,61,"13584",T,0,"CFLASH"
18/04/2017,"CORTE",4,39,"18311",T,0,"CFLASH"
18/04/2017,"CORTE",4,78,"30093",T,0,"CFLASH"
18/04/2017,"CORTE",4,74,"40071",T,0,"CFLASH"
18/04/2017,"CORTE",4,12,"40802",T,0,"CFLASH"
18/04/2017,"CORTE",4,14,"50011",T,0,"CFLASH"
18/04/2017,"CORTE",4,1035,"60251",T,0,"CFLASH"
18/04/2017,"CORTE",4,36,"90081",T,0,"CFLASH"
18/04/2017,"CORTE",4,28,"90083",T,0,"CFLASH"
18/04/2017,"CORTE",4,108,"95042",T,0,"CFLASH"
19/04/2017,"CORTE",4,10,"10700",T,0,"CFLASH"
19/04/2017,"CORTE",4,24,"90081",T,0,"CFLASH"
20/04/2017,"CORTE",4,611,"10556",T,0,"CFLASH"
20/04/2017,"CORTE",4,890,"10673",T,0,"CFLASH"
20/04/2017,"CORTE",4,60,"10693",T,0,"CFLASH"
20/04/2017,"CORTE",4,36,"11933",T,0,"CFLASH"
20/04/2017,"CORTE",4,72,"12161",T,0,"CFLASH"
20/04/2017,"CORTE",4,56,"12647",T,0,"CFLASH"
20/04/2017,"CORTE",4,49,"18312",T,0,"CFLASH"
20/04/2017,"CORTE",4,114,"30022",T,0,"CFLASH"
20/04/2017,"CORTE",4,70,"75015",T,0,"CFLASH"
20/04/2017,"CORTE",4,42,"95081",T,0,"CFLASH"
21/04/2017,"CORTE",4,682,"10556",T,0,"CFLASH"
21/04/2017,"CORTE",4,15,"1645",T,0,"CFLASH"
21/04/2017,"CORTE",4,361,"50011",T,0,"CFLASH"
22/04/2017,"CORTE",4,905,"75015",T,0,"CFLASH"
24/04/2017,"CORTE",4,37,"10554",T,0,"CFLASH"
24/04/2017,"CORTE",4,88,"10556",T,0,"CFLASH"
24/04/2017,"CORTE",4,606,"10673",T,0,"CFLASH"
24/04/2017,"CORTE",4,357,"10693",T,0,"CFLASH"
24/04/2017,"CORTE",4,559,"75015",T,0,"CFLASH"
24/04/2017,"CORTE",4,50,"90081",T,0,"CFLASH"
25/04/2017,"CORTE",4,211,"10556",T,0,"CFLASH"
25/04/2017,"CORTE",4,156,"10699",T,0,"CFLASH"
25/04/2017,"CORTE",4,322,"11932",T,0,"CFLASH"
26/04/2017,"CORTE",4,1185,"10554",T,0,"CFLASH"
27/04/2017,"CORTE",4,66,"10709",T,0,"CFLASH"
27/04/2017,"CORTE",4,901,"11123",T,0,"CFLASH"
27/04/2017,"CORTE",4,604,"60251",T,0,"CFLASH"
27/04/2017,"CORTE",4,269,"90081",T,0,"CFLASH"
27/04/2017,"CORTE",4,168,"90083",T,0,"CFLASH"
28/04/2017,"CORTE",4,174,"10551",T,0,"CFLASH"
28/04/2017,"CORTE",4,200,"10552",T,0,"CFLASH"
28/04/2017,"CORTE",4,21,"11077",T,0,"CFLASH"
28/04/2017,"CORTE",4,12,"11974",T,0,"CFLASH"
28/04/2017,"CORTE",4,170,"12984",T,0,"CFLASH"
28/04/2017,"CORTE",4,18,"20003",T,0,"CFLASH"
28/04/2017,"CORTE",4,9,"20021",T,0,"CFLASH"
28/04/2017,"CORTE",4,10,"20081",T,0,"CFLASH"
28/04/2017,"CORTE",4,124,"30093",T,0,"CFLASH"
28/04/2017,"CORTE",4,52,"40801",T,0,"CFLASH"
29/04/2017,"CORTE",4,44,"10551",T,0,"CFLASH"
29/04/2017,"CORTE",4,40,"10552",T,0,"CFLASH"
29/04/2017,"CORTE",4,244,"11131",T,0,"CFLASH"
29/04/2017,"CORTE",4,168,"13584",T,0,"CFLASH"
29/04/2017,"CORTE",4,37,"1525",T,0,"CFLASH"
29/04/2017,"CORTE",4,18,"20003",T,0,"CFLASH"
29/04/2017,"CORTE",4,10,"30093",T,0,"CFLASH"
29/04/2017,"CORTE",4,11,"30221",T,0,"CFLASH"
29/04/2017,"CORTE",4,32,"40801",T,0,"CFLASH"
29/04/2017,"CORTE",4,332,"50013",T,0,"CFLASH"
29/04/2017,"CORTE",4,241,"95042",T,0,"CFLASH"
29/04/2017,"CORTE",4,150,"95081",T,0,"CFLASH"
02/05/2017,"CORTE",4,170,"10554",T,0,"CFLASH"
02/05/2017,"CORTE",4,783,"10673",T,0,"CFLASH"
02/05/2017,"CORTE",4,36,"12647",T,0,"CFLASH"
02/05/2017,"CORTE",4,36,"60251",T,0,"CFLASH"
02/05/2017,"CORTE",4,19,"75015",T,0,"CFLASH"
02/05/2017,"CORTE",4,46,"90081",T,0,"CFLASH"
02/05/2017,"CORTE",4,39,"95081",T,0,"CFLASH"
03/05/2017,"CORTE",4,540,"10556",T,0,"CFLASH"
03/05/2017,"CORTE",4,871,"10673",T,0,"CFLASH"
03/05/2017,"CORTE",4,21,"13275",T,0,"CFLASH"
03/05/2017,"CORTE",4,54,"P5121",T,0,"CFLASH"
06/04/2017,"FAMILIA",1,437,"10673",T,850,"FAMILIA1"
06/04/2017,"FAMILIA",1,138,"10709",T,850,"FAMILIA1"
06/04/2017,"FAMILIA",1,131,"11123",T,850,"FAMILIA1"
06/04/2017,"FAMILIA",1,7,"11571",T,850,"FAMILIA1"
06/04/2017,"FAMILIA",1,83,"60251",T,850,"FAMILIA1"
06/04/2017,"FAMILIA",1,35,"75015",T,850,"FAMILIA1"
07/04/2017,"FAMILIA",1,200,"10300",T,887,"FAMILIA1"
07/04/2017,"FAMILIA",1,3,"11123",T,887,"FAMILIA1"
07/04/2017,"FAMILIA",1,373,"18320",T,887,"FAMILIA1"
07/04/2017,"FAMILIA",1,205,"60251",T,887,"FAMILIA1"
07/04/2017,"FAMILIA",1,108,"90081",T,887,"FAMILIA1"
08/04/2017,"FAMILIA",1,150,"14862",T,430,"FAMILIA1"
08/04/2017,"FAMILIA",1,26,"18320",T,430,"FAMILIA1"
08/04/2017,"FAMILIA",1,10,"60254",T,430,"FAMILIA1"
08/04/2017,"FAMILIA",1,150,"783",T,430,"FAMILIA1"
17/04/2017,"FAMILIA",1,75,"10554",T,760,"FAMILIA1"
17/04/2017,"FAMILIA",1,604,"10709",T,760,"FAMILIA1"
18/04/2017,"FAMILIA",1,163,"10554",T,835,"FAMILIA1"
18/04/2017,"FAMILIA",1,8,"10709",T,835,"FAMILIA1"
18/04/2017,"FAMILIA",1,74,"11123",T,835,"FAMILIA1"
18/04/2017,"FAMILIA",1,61,"13584",T,835,"FAMILIA1"
18/04/2017,"FAMILIA",1,437,"60251",T,835,"FAMILIA1"
18/04/2017,"FAMILIA",1,96,"95042",T,835,"FAMILIA1"
19/04/2017,"FAMILIA",1,48,"10554",T,883,"FAMILIA1"
19/04/2017,"FAMILIA",1,34,"10673",T,883,"FAMILIA1"
19/04/2017,"FAMILIA",1,62,"11123",T,883,"FAMILIA1"
19/04/2017,"FAMILIA",1,49,"11571",T,883,"FAMILIA1"
19/04/2017,"FAMILIA",1,42,"12647",T,883,"FAMILIA1"
19/04/2017,"FAMILIA",1,598,"60251",T,883,"FAMILIA1"
19/04/2017,"FAMILIA",1,22,"75015",T,883,"FAMILIA1"
19/04/2017,"FAMILIA",1,29,"90081",T,883,"FAMILIA1"
19/04/2017,"FAMILIA",1,12,"95042",T,883,"FAMILIA1"
20/04/2017,"FAMILIA",1,300,"10300",T,895,"FAMILIA1"
20/04/2017,"FAMILIA",1,171,"10673",T,895,"FAMILIA1"
20/04/2017,"FAMILIA",1,400,"18320",T,895,"FAMILIA1"
20/04/2017,"FAMILIA",1,31,"90081",T,895,"FAMILIA1"
21/04/2017,"FAMILIA",1,952,"10673",T,950,"FAMILIA1"
22/04/2017,"FAMILIA",1,461,"10673",T,450,"FAMILIA1"
24/04/2017,"FAMILIA",1,200,"10300",T,927,"FAMILIA1"
24/04/2017,"FAMILIA",1,37,"10554",T,927,"FAMILIA1"
24/04/2017,"FAMILIA",1,447,"10673",T,927,"FAMILIA1"
24/04/2017,"FAMILIA",1,29,"14862",T,927,"FAMILIA1"
24/04/2017,"FAMILIA",1,184,"18320",T,927,"FAMILIA1"
24/04/2017,"FAMILIA",1,31,"783",T,927,"FAMILIA1"
25/04/2017,"FAMILIA",1,398,"10673",T,918,"FAMILIA1"
25/04/2017,"FAMILIA",1,270,"12647",T,918,"FAMILIA1"
25/04/2017,"FAMILIA",1,10,"18320",T,918,"FAMILIA1"
25/04/2017,"FAMILIA",1,29,"75015",T,918,"FAMILIA1"
25/04/2017,"FAMILIA",1,56,"90081",T,918,"FAMILIA1"
26/04/2017,"FAMILIA",1,878,"12647",T,855,"FAMILIA1"
27/04/2017,"FAMILIA",1,66,"10709",T,959,"FAMILIA1"
27/04/2017,"FAMILIA",1,97,"12647",T,959,"FAMILIA1"
27/04/2017,"FAMILIA",1,604,"60251",T,959,"FAMILIA1"
27/04/2017,"FAMILIA",1,201,"90081",T,959,"FAMILIA1"
28/04/2017,"FAMILIA",1,694,"11123",T,760,"FAMILIA1"
28/04/2017,"FAMILIA",1,68,"90081",T,760,"FAMILIA1"
29/04/2017,"FAMILIA",1,207,"11123",T,365,"FAMILIA1"
29/04/2017,"FAMILIA",1,162,"95042",T,365,"FAMILIA1"
02/05/2017,"FAMILIA",1,200,"10300",T,790,"FAMILIA1"
02/05/2017,"FAMILIA",1,46,"10554",T,790,"FAMILIA1"
02/05/2017,"FAMILIA",1,150,"11131",T,790,"FAMILIA1"
02/05/2017,"FAMILIA",1,168,"13584",T,790,"FAMILIA1"
02/05/2017,"FAMILIA",1,383,"18320",T,790,"FAMILIA1"
02/05/2017,"FAMILIA",1,332,"50013",T,790,"FAMILIA1"
02/05/2017,"FAMILIA",1,150,"783",T,790,"FAMILIA1"
02/05/2017,"FAMILIA",1,79,"95042",T,790,"FAMILIA1"
03/05/2017,"FAMILIA",1,124,"10554",T,887,"FAMILIA1"
03/05/2017,"FAMILIA",1,559,"10673",T,887,"FAMILIA1"
03/05/2017,"FAMILIA",1,94,"11131",T,887,"FAMILIA1"
03/05/2017,"FAMILIA",1,27,"11571",T,887,"FAMILIA1"
03/05/2017,"FAMILIA",1,36,"12647",T,887,"FAMILIA1"
03/05/2017,"FAMILIA",1,29,"60251",T,887,"FAMILIA1"
03/05/2017,"FAMILIA",1,19,"75015",T,887,"FAMILIA1"
06/04/2017,"FAMILIA",2,52,"12647",T,523,"FAMILIA2"
06/04/2017,"FAMILIA",2,17,"554",T,523,"FAMILIA2"
06/04/2017,"FAMILIA",2,661,"60254",T,523,"FAMILIA2"
06/04/2017,"FAMILIA",2,261,"75015",T,523,"FAMILIA2"
06/04/2017,"FAMILIA",2,36,"95081",T,523,"FAMILIA2"
07/04/2017,"FAMILIA",2,10,"10302",T,523,"FAMILIA2"
07/04/2017,"FAMILIA",2,16,"12647",T,523,"FAMILIA2"
07/04/2017,"FAMILIA",2,458,"18311",T,523,"FAMILIA2"
07/04/2017,"FAMILIA",2,20,"75015",T,523,"FAMILIA2"
07/04/2017,"FAMILIA",2,8,"95081",T,523,"FAMILIA2"
07/04/2017,"FAMILIA",2,22,"95082",T,523,"FAMILIA2"
08/04/2017,"FAMILIA",2,200,"14076",T,308,"FAMILIA2"
08/04/2017,"FAMILIA",2,13,"18311",T,308,"FAMILIA2"
08/04/2017,"FAMILIA",2,120,"30022",T,308,"FAMILIA2"
17/04/2017,"FAMILIA",2,37,"12647",T,675,"FAMILIA2"
17/04/2017,"FAMILIA",2,29,"18311",T,675,"FAMILIA2"
17/04/2017,"FAMILIA",2,33,"30022",T,675,"FAMILIA2"
17/04/2017,"FAMILIA",2,228,"554",T,675,"FAMILIA2"
17/04/2017,"FAMILIA",2,35,"60253",T,675,"FAMILIA2"
17/04/2017,"FAMILIA",2,59,"75015",T,675,"FAMILIA2"
18/04/2017,"FAMILIA",2,331,"10673",T,760,"FAMILIA2"
18/04/2017,"FAMILIA",2,47,"12647",T,760,"FAMILIA2"
18/04/2017,"FAMILIA",2,10,"30022",T,760,"FAMILIA2"
18/04/2017,"FAMILIA",2,22,"554",T,760,"FAMILIA2"
18/04/2017,"FAMILIA",2,115,"60253",T,760,"FAMILIA2"
18/04/2017,"FAMILIA",2,54,"75015",T,760,"FAMILIA2"
18/04/2017,"FAMILIA",2,166,"95082",T,760,"FAMILIA2"
19/04/2017,"FAMILIA",2,445,"10673",T,694,"FAMILIA2"
19/04/2017,"FAMILIA",2,226,"30022",T,694,"FAMILIA2"
19/04/2017,"FAMILIA",2,32,"95082",T,694,"FAMILIA2"
20/04/2017,"FAMILIA",2,795,"10673",T,851,"FAMILIA2"
20/04/2017,"FAMILIA",2,67,"30022",T,851,"FAMILIA2"
21/04/2017,"FAMILIA",2,267,"10673",T,726,"FAMILIA2"
21/04/2017,"FAMILIA",2,56,"12647",T,726,"FAMILIA2"
21/04/2017,"FAMILIA",2,196,"14076",T,726,"FAMILIA2"
21/04/2017,"FAMILIA",2,40,"18314",T,726,"FAMILIA2"
21/04/2017,"FAMILIA",2,38,"75015",T,726,"FAMILIA2"
21/04/2017,"FAMILIA",2,18,"95081",T,726,"FAMILIA2"
22/04/2017,"FAMILIA",2,96,"10693",T,342,"FAMILIA2"
22/04/2017,"FAMILIA",2,24,"11933",T,342,"FAMILIA2"
22/04/2017,"FAMILIA",2,55,"12161",T,342,"FAMILIA2"
22/04/2017,"FAMILIA",2,153,"75015",T,342,"FAMILIA2"
22/04/2017,"FAMILIA",2,24,"95081",T,342,"FAMILIA2"
24/04/2017,"FAMILIA",2,10,"10673",T,850,"FAMILIA2"
24/04/2017,"FAMILIA",2,12,"11933",T,850,"FAMILIA2"
24/04/2017,"FAMILIA",2,17,"12161",T,850,"FAMILIA2"
24/04/2017,"FAMILIA",2,31,"30022",T,850,"FAMILIA2"
24/04/2017,"FAMILIA",2,784,"75015",T,850,"FAMILIA2"
25/04/2017,"FAMILIA",2,357,"10693",T,824,"FAMILIA2"
25/04/2017,"FAMILIA",2,158,"14076",T,824,"FAMILIA2"
25/04/2017,"FAMILIA",2,83,"30022",T,824,"FAMILIA2"
26/04/2017,"FAMILIA",2,326,"10554",T,893,"FAMILIA2"
26/04/2017,"FAMILIA",2,20,"14076",T,893,"FAMILIA2"
26/04/2017,"FAMILIA",2,44,"554",T,893,"FAMILIA2"
26/04/2017,"FAMILIA",2,524,"75015",T,893,"FAMILIA2"
27/04/2017,"FAMILIA",2,423,"10554",T,790,"FAMILIA2"
27/04/2017,"FAMILIA",2,240,"18314",T,790,"FAMILIA2"
27/04/2017,"FAMILIA",2,6,"75015",T,790,"FAMILIA2"
28/04/2017,"FAMILIA",2,436,"10554",T,763,"FAMILIA2"
28/04/2017,"FAMILIA",2,333,"10673",T,763,"FAMILIA2"
29/04/2017,"FAMILIA",2,434,"10673",T,430,"FAMILIA2"
02/05/2017,"FAMILIA",2,63,"10673",T,818,"FAMILIA2"
02/05/2017,"FAMILIA",2,168,"14076",T,818,"FAMILIA2"
02/05/2017,"FAMILIA",2,334,"18314",T,818,"FAMILIA2"
02/05/2017,"FAMILIA",2,474,"30022",T,818,"FAMILIA2"
02/05/2017,"FAMILIA",2,100,"554",T,818,"FAMILIA2"
02/05/2017,"FAMILIA",2,181,"95081",T,818,"FAMILIA2"
03/05/2017,"FAMILIA",2,750,"10673",T,950,"FAMILIA2"
03/05/2017,"FAMILIA",2,108,"12647",T,950,"FAMILIA2"
03/05/2017,"FAMILIA",2,20,"14076",T,950,"FAMILIA2"
03/05/2017,"FAMILIA",2,66,"18314",T,950,"FAMILIA2"
03/05/2017,"FAMILIA",2,8,"95081",T,950,"FAMILIA2"
06/04/2017,"FAMILIA",4,45,"11077",T,573,"FAMILIA4"
06/04/2017,"FAMILIA",4,104,"11974",T,573,"FAMILIA4"
06/04/2017,"FAMILIA",4,29,"13906",T,573,"FAMILIA4"
06/04/2017,"FAMILIA",4,180,"1645",T,573,"FAMILIA4"
06/04/2017,"FAMILIA",4,71,"18300",T,573,"FAMILIA4"
06/04/2017,"FAMILIA",4,144,"60254",T,573,"FAMILIA4"
07/04/2017,"FAMILIA",4,190,"10302",T,543,"FAMILIA4"
07/04/2017,"FAMILIA",4,93,"11932",T,543,"FAMILIA4"
07/04/2017,"FAMILIA",4,170,"13906",T,543,"FAMILIA4"
07/04/2017,"FAMILIA",4,68,"60254",T,543,"FAMILIA4"
17/04/2017,"FAMILIA",4,36,"10699",T,463,"FAMILIA4"
17/04/2017,"FAMILIA",4,80,"40074",T,463,"FAMILIA4"
17/04/2017,"FAMILIA",4,36,"90078",T,463,"FAMILIA4"
17/04/2017,"FAMILIA",4,55,"90084",T,463,"FAMILIA4"
18/04/2017,"FAMILIA",4,12,"10699",T,466,"FAMILIA4"
18/04/2017,"FAMILIA",4,246,"1525",T,466,"FAMILIA4"
18/04/2017,"FAMILIA",4,17,"90084",T,466,"FAMILIA4"
19/04/2017,"FAMILIA",4,43,"11932",T,423,"FAMILIA4"
19/04/2017,"FAMILIA",4,203,"1525",T,423,"FAMILIA4"
19/04/2017,"FAMILIA",4,179,"18303",T,423,"FAMILIA4"
20/04/2017,"FAMILIA",4,21,"10302",T,525,"FAMILIA4"
20/04/2017,"FAMILIA",4,10,"18303",T,525,"FAMILIA4"
20/04/2017,"FAMILIA",4,495,"18311",T,525,"FAMILIA4"
21/04/2017,"FAMILIA",4,179,"10302",T,561,"FAMILIA4"
21/04/2017,"FAMILIA",4,314,"10556",T,561,"FAMILIA4"
21/04/2017,"FAMILIA",4,13,"1525",T,561,"FAMILIA4"
22/04/2017,"FAMILIA",4,279,"10556",T,315,"FAMILIA4"
24/04/2017,"FAMILIA",4,631,"10556",T,627,"FAMILIA4"
25/04/2017,"FAMILIA",4,133,"10556",T,583,"FAMILIA4"
25/04/2017,"FAMILIA",4,129,"1645",T,583,"FAMILIA4"
25/04/2017,"FAMILIA",4,242,"18311",T,583,"FAMILIA4"
25/04/2017,"FAMILIA",4,30,"6686",T,583,"FAMILIA4"
26/04/2017,"FAMILIA",4,116,"10302",T,623,"FAMILIA4"
26/04/2017,"FAMILIA",4,346,"10556",T,623,"FAMILIA4"
26/04/2017,"FAMILIA",4,56,"1645",T,623,"FAMILIA4"
26/04/2017,"FAMILIA",4,28,"6686",T,623,"FAMILIA4"
27/04/2017,"FAMILIA",4,184,"10302",T,596,"FAMILIA4"
27/04/2017,"FAMILIA",4,112,"10699",T,596,"FAMILIA4"
27/04/2017,"FAMILIA",4,224,"11932",T,596,"FAMILIA4"
28/04/2017,"FAMILIA",4,30,"10699",T,608,"FAMILIA4"
28/04/2017,"FAMILIA",4,491,"11077",T,608,"FAMILIA4"
28/04/2017,"FAMILIA",4,22,"11932",T,608,"FAMILIA4"
28/04/2017,"FAMILIA",4,24,"11974",T,608,"FAMILIA4"
29/04/2017,"FAMILIA",4,276,"11077",T,335,"FAMILIA4"
29/04/2017,"FAMILIA",4,62,"11932",T,335,"FAMILIA4"
02/05/2017,"FAMILIA",4,300,"10302",T,560,"FAMILIA4"
02/05/2017,"FAMILIA",4,14,"10699",T,560,"FAMILIA4"
02/05/2017,"FAMILIA",4,53,"11077",T,560,"FAMILIA4"
02/05/2017,"FAMILIA",4,14,"11932",T,560,"FAMILIA4"
02/05/2017,"FAMILIA",4,258,"11974",T,560,"FAMILIA4"
02/05/2017,"FAMILIA",4,160,"12984",T,560,"FAMILIA4"
02/05/2017,"FAMILIA",4,35,"1645",T,560,"FAMILIA4"
02/05/2017,"FAMILIA",4,78,"18303",T,560,"FAMILIA4"
03/05/2017,"FAMILIA",4,440,"10556",T,603,"FAMILIA4"
03/05/2017,"FAMILIA",4,10,"12984",T,603,"FAMILIA4"
03/05/2017,"FAMILIA",4,164,"1645",T,603,"FAMILIA4"
06/04/2017,"FAMILIA",5,60,"18298",T,499,"FAMILIA5"
06/04/2017,"FAMILIA",5,252,"35311",T,499,"FAMILIA5"
06/04/2017,"FAMILIA",5,6,"50011",T,499,"FAMILIA5"
06/04/2017,"FAMILIA",5,26,"550",T,499,"FAMILIA5"
06/04/2017,"FAMILIA",5,102,"8043",T,499,"FAMILIA5"
06/04/2017,"FAMILIA",5,12,"9169",T,499,"FAMILIA5"
07/04/2017,"FAMILIA",5,226,"18298",T,470,"FAMILIA5"
07/04/2017,"FAMILIA",5,47,"30093",T,470,"FAMILIA5"
07/04/2017,"FAMILIA",5,200,"8060",T,470,"FAMILIA5"
08/04/2017,"FAMILIA",5,25,"30093",T,231,"FAMILIA5"
08/04/2017,"FAMILIA",5,91,"30245",T,231,"FAMILIA5"
08/04/2017,"FAMILIA",5,399,"40074",T,231,"FAMILIA5"
08/04/2017,"FAMILIA",5,43,"60254",T,231,"FAMILIA5"
17/04/2017,"FAMILIA",5,36,"10552",T,288,"FAMILIA5"
17/04/2017,"FAMILIA",5,67,"13904",T,288,"FAMILIA5"
17/04/2017,"FAMILIA",5,13,"30245",T,288,"FAMILIA5"
17/04/2017,"FAMILIA",5,60,"40803",T,288,"FAMILIA5"
17/04/2017,"FAMILIA",5,120,"9167",T,288,"FAMILIA5"
18/04/2017,"FAMILIA",5,60,"11977",T,284,"FAMILIA5"
18/04/2017,"FAMILIA",5,120,"9167",T,284,"FAMILIA5"
18/04/2017,"FAMILIA",5,120,"9169",T,284,"FAMILIA5"
19/04/2017,"FAMILIA",5,160,"550",T,238,"FAMILIA5"
19/04/2017,"FAMILIA",5,120,"9169",T,238,"FAMILIA5"
20/04/2017,"FAMILIA",5,36,"13904",T,325,"FAMILIA5"
20/04/2017,"FAMILIA",5,40,"2052",T,325,"FAMILIA5"
20/04/2017,"FAMILIA",5,78,"30093",T,325,"FAMILIA5"
20/04/2017,"FAMILIA",5,74,"40071",T,325,"FAMILIA5"
20/04/2017,"FAMILIA",5,92,"40074",T,325,"FAMILIA5"
20/04/2017,"FAMILIA",5,80,"550",T,325,"FAMILIA5"
21/04/2017,"FAMILIA",5,49,"10552",T,493,"FAMILIA5"
21/04/2017,"FAMILIA",5,52,"10700",T,493,"FAMILIA5"
21/04/2017,"FAMILIA",5,36,"10708",T,493,"FAMILIA5"
21/04/2017,"FAMILIA",5,34,"18298",T,493,"FAMILIA5"
21/04/2017,"FAMILIA",5,48,"30021",T,493,"FAMILIA5"
21/04/2017,"FAMILIA",5,36,"40802",T,493,"FAMILIA5"
21/04/2017,"FAMILIA",5,23,"50011",T,493,"FAMILIA5"
21/04/2017,"FAMILIA",5,56,"90083",T,493,"FAMILIA5"
22/04/2017,"FAMILIA",5,66,"18298",T,216,"FAMILIA5"
22/04/2017,"FAMILIA",5,191,"8043",T,216,"FAMILIA5"
24/04/2017,"FAMILIA",5,257,"40074",T,450,"FAMILIA5"
24/04/2017,"FAMILIA",5,196,"8043",T,450,"FAMILIA5"
25/04/2017,"FAMILIA",5,269,"40074",T,442,"FAMILIA5"
25/04/2017,"FAMILIA",5,200,"8060",T,442,"FAMILIA5"
26/04/2017,"FAMILIA",5,459,"40074",T,715,"FAMILIA5"
26/04/2017,"FAMILIA",5,256,"50011",T,715,"FAMILIA5"
27/04/2017,"FAMILIA",5,240,"2052",T,499,"FAMILIA5"
27/04/2017,"FAMILIA",5,8,"40074",T,499,"FAMILIA5"
27/04/2017,"FAMILIA",5,131,"50011",T,499,"FAMILIA5"
27/04/2017,"FAMILIA",5,65,"8043",T,499,"FAMILIA5"
28/04/2017,"FAMILIA",5,327,"8043",T,487,"FAMILIA5"
28/04/2017,"FAMILIA",5,161,"8060",T,487,"FAMILIA5"
29/04/2017,"FAMILIA",5,8,"10708",T,190,"FAMILIA5"
29/04/2017,"FAMILIA",5,39,"8060",T,190,"FAMILIA5"
29/04/2017,"FAMILIA",5,161,"90083",T,190,"FAMILIA5"
02/05/2017,"FAMILIA",5,218,"10551",T,475,"FAMILIA5"
02/05/2017,"FAMILIA",5,220,"10552",T,475,"FAMILIA5"
02/05/2017,"FAMILIA",5,16,"10708",T,475,"FAMILIA5"
02/05/2017,"FAMILIA",5,218,"2052",T,475,"FAMILIA5"
02/05/2017,"FAMILIA",5,134,"30093",T,475,"FAMILIA5"
02/05/2017,"FAMILIA",5,7,"90083",T,475,"FAMILIA5"
03/05/2017,"FAMILIA",5,10,"10552",T,439,"FAMILIA5"
03/05/2017,"FAMILIA",5,32,"2052",T,439,"FAMILIA5"
03/05/2017,"FAMILIA",5,217,"550",T,439,"FAMILIA5"
03/05/2017,"FAMILIA",5,120,"8043",T,439,"FAMILIA5"
06/04/2017,"FAMILIA",6,114,"1525",T,541,"FAMILIA6"
06/04/2017,"FAMILIA",6,195,"18312",T,541,"FAMILIA6"
06/04/2017,"FAMILIA",6,159,"18318",T,541,"FAMILIA6"
07/04/2017,"FAMILIA",6,298,"18299",T,481,"FAMILIA6"
07/04/2017,"FAMILIA",6,38,"18318",T,481,"FAMILIA6"
08/04/2017,"FAMILIA",6,200,"10303",T,245,"FAMILIA6"
08/04/2017,"FAMILIA",6,46,"18312",T,245,"FAMILIA6"
17/04/2017,"FAMILIA",6,516,"18312",T,513,"FAMILIA6"
18/04/2017,"FAMILIA",6,135,"10303",T,389,"FAMILIA6"
18/04/2017,"FAMILIA",6,138,"18312",T,389,"FAMILIA6"
18/04/2017,"FAMILIA",6,121,"40801",T,389,"FAMILIA6"
19/04/2017,"FAMILIA",6,65,"10303",T,396,"FAMILIA6"
19/04/2017,"FAMILIA",6,30,"1525",T,396,"FAMILIA6"
19/04/2017,"FAMILIA",6,42,"30092",T,396,"FAMILIA6"
19/04/2017,"FAMILIA",6,21,"40801",T,396,"FAMILIA6"
19/04/2017,"FAMILIA",6,196,"8044",T,396,"FAMILIA6"
20/04/2017,"FAMILIA",6,510,"1525",T,618,"FAMILIA6"
21/04/2017,"FAMILIA",6,484,"1525",T,528,"FAMILIA6"
21/04/2017,"FAMILIA",6,22,"18312",T,528,"FAMILIA6"
21/04/2017,"FAMILIA",6,22,"30092",T,528,"FAMILIA6"
22/04/2017,"FAMILIA",6,258,"18312",T,255,"FAMILIA6"
24/04/2017,"FAMILIA",6,12,"1525",T,512,"FAMILIA6"
24/04/2017,"FAMILIA",6,502,"18312",T,512,"FAMILIA6"
25/04/2017,"FAMILIA",6,529,"1525",T,580,"FAMILIA6"
25/04/2017,"FAMILIA",6,7,"18312",T,580,"FAMILIA6"
26/04/2017,"FAMILIA",6,267,"1525",T,542,"FAMILIA6"
26/04/2017,"FAMILIA",6,275,"18312",T,542,"FAMILIA6"
27/04/2017,"FAMILIA",6,460,"18312",T,457,"FAMILIA6"
28/04/2017,"FAMILIA",6,200,"10303",T,483,"FAMILIA6"
28/04/2017,"FAMILIA",6,133,"18299",T,483,"FAMILIA6"
28/04/2017,"FAMILIA",6,57,"18312",T,483,"FAMILIA6"
28/04/2017,"FAMILIA",6,99,"18318",T,483,"FAMILIA6"
29/04/2017,"FAMILIA",6,66,"18299",T,140,"FAMILIA6"
29/04/2017,"FAMILIA",6,74,"8044",T,140,"FAMILIA6"
02/05/2017,"FAMILIA",6,200,"10303",T,515,"FAMILIA6"
02/05/2017,"FAMILIA",6,699,"1525",T,515,"FAMILIA6"
02/05/2017,"FAMILIA",6,37,"18312",T,515,"FAMILIA6"
02/05/2017,"FAMILIA",6,126,"8044",T,515,"FAMILIA6"
03/05/2017,"FAMILIA",6,433,"18312",T,542,"FAMILIA6"
03/05/2017,"FAMILIA",6,25,"20003",T,542,"FAMILIA6"
03/05/2017,"FAMILIA",6,84,"40801",T,542,"FAMILIA6"
06/04/2017,"MONTADO",1,191,"10302",T,1000,"MONTADO1"
06/04/2017,"MONTADO",1,49,"12647",T,1000,"MONTADO1"
06/04/2017,"MONTADO",1,10,"1525",T,1000,"MONTADO1"
06/04/2017,"MONTADO",1,685,"60254",T,1000,"MONTADO1"
06/04/2017,"MONTADO",1,12,"75015",T,1000,"MONTADO1"
07/04/2017,"MONTADO",1,9,"10302",T,1000,"MONTADO1"
07/04/2017,"MONTADO",1,29,"10525",T,1000,"MONTADO1"
07/04/2017,"MONTADO",1,21,"12647",T,1000,"MONTADO1"
07/04/2017,"MONTADO",1,32,"60251",T,1000,"MONTADO1"
07/04/2017,"MONTADO",1,612,"60254",T,1000,"MONTADO1"
08/04/2017,"MONTADO",1,194,"1525",T,1000,"MONTADO1"
08/04/2017,"MONTADO",1,606,"60254",T,1000,"MONTADO1"
10/04/2017,"MONTADO",1,165,"60251",T,0,"MONTADO1"
10/04/2017,"MONTADO",1,309,"60254",T,0,"MONTADO1"
17/04/2017,"MONTADO",1,298,"1525",T,1000,"MONTADO1"
17/04/2017,"MONTADO",1,492,"18311",T,1000,"MONTADO1"
18/04/2017,"MONTADO",1,227,"75015",T,1000,"MONTADO1"
18/04/2017,"MONTADO",1,35,"90081",T,1000,"MONTADO1"
18/04/2017,"MONTADO",1,40,"9167",T,1000,"MONTADO1"
18/04/2017,"MONTADO",1,40,"9169",T,1000,"MONTADO1"
19/04/2017,"MONTADO",1,153,"10302",T,1000,"MONTADO1"
19/04/2017,"MONTADO",1,20,"12647",T,1000,"MONTADO1"
19/04/2017,"MONTADO",1,8,"18311",T,1000,"MONTADO1"
19/04/2017,"MONTADO",1,367,"40074",T,1000,"MONTADO1"
19/04/2017,"MONTADO",1,20,"75015",T,1000,"MONTADO1"
19/04/2017,"MONTADO",1,40,"90081",T,1000,"MONTADO1"
20/04/2017,"MONTADO",1,30,"10302",T,1000,"MONTADO1"
20/04/2017,"MONTADO",1,40,"12647",T,1000,"MONTADO1"
20/04/2017,"MONTADO",1,6,"1525",T,1000,"MONTADO1"
20/04/2017,"MONTADO",1,144,"18299",T,1000,"MONTADO1"
20/04/2017,"MONTADO",1,69,"40074",T,1000,"MONTADO1"
20/04/2017,"MONTADO",1,20,"75015",T,1000,"MONTADO1"
21/04/2017,"MONTADO",1,8,"12647",T,1000,"MONTADO1"
21/04/2017,"MONTADO",1,529,"1525",T,1000,"MONTADO1"
21/04/2017,"MONTADO",1,52,"18299",T,1000,"MONTADO1"
21/04/2017,"MONTADO",1,9,"75015",T,1000,"MONTADO1"
21/04/2017,"MONTADO",1,14,"90081",T,1000,"MONTADO1"
22/04/2017,"MONTADO",1,17,"10302",T,500,"MONTADO1"
22/04/2017,"MONTADO",1,100,"12647",T,500,"MONTADO1"
22/04/2017,"MONTADO",1,75,"1525",T,500,"MONTADO1"
22/04/2017,"MONTADO",1,47,"18299",T,500,"MONTADO1"
22/04/2017,"MONTADO",1,45,"18311",T,500,"MONTADO1"
22/04/2017,"MONTADO",1,22,"40074",T,500,"MONTADO1"
22/04/2017,"MONTADO",1,118,"75015",T,500,"MONTADO1"
22/04/2017,"MONTADO",1,19,"90081",T,500,"MONTADO1"
24/04/2017,"MONTADO",1,52,"1525",T,1000,"MONTADO1"
24/04/2017,"MONTADO",1,35,"18299",T,1000,"MONTADO1"
24/04/2017,"MONTADO",1,410,"18311",T,1000,"MONTADO1"
24/04/2017,"MONTADO",1,216,"9169",T,1000,"MONTADO1"
25/04/2017,"MONTADO",1,26,"12647",T,1000,"MONTADO1"
25/04/2017,"MONTADO",1,454,"1525",T,1000,"MONTADO1"
25/04/2017,"MONTADO",1,150,"18303",T,1000,"MONTADO1"
25/04/2017,"MONTADO",1,55,"30092",T,1000,"MONTADO1"
25/04/2017,"MONTADO",1,74,"30093",T,1000,"MONTADO1"
25/04/2017,"MONTADO",1,21,"40074",T,1000,"MONTADO1"
25/04/2017,"MONTADO",1,22,"75015",T,1000,"MONTADO1"
26/04/2017,"MONTADO",1,192,"10302",T,1000,"MONTADO1"
26/04/2017,"MONTADO",1,418,"1525",T,1000,"MONTADO1"
26/04/2017,"MONTADO",1,20,"18299",T,1000,"MONTADO1"
26/04/2017,"MONTADO",1,30,"18303",T,1000,"MONTADO1"
26/04/2017,"MONTADO",1,40,"18311",T,1000,"MONTADO1"
26/04/2017,"MONTADO",1,4,"30093",T,1000,"MONTADO1"
27/04/2017,"MONTADO",1,8,"10302",T,1000,"MONTADO1"
27/04/2017,"MONTADO",1,246,"10556",T,1000,"MONTADO1"
27/04/2017,"MONTADO",1,315,"1525",T,1000,"MONTADO1"
27/04/2017,"MONTADO",1,9,"18303",T,1000,"MONTADO1"
27/04/2017,"MONTADO",1,24,"9169",T,1000,"MONTADO1"
28/04/2017,"MONTADO",1,908,"10556",T,1000,"MONTADO1"
29/04/2017,"MONTADO",1,126,"10556",T,500,"MONTADO1"
29/04/2017,"MONTADO",1,280,"1525",T,500,"MONTADO1"
02/05/2017,"MONTADO",1,293,"10302",T,1000,"MONTADO1"
02/05/2017,"MONTADO",1,258,"10556",T,1000,"MONTADO1"
02/05/2017,"MONTADO",1,127,"1525",T,1000,"MONTADO1"
02/05/2017,"MONTADO",1,230,"18311",T,1000,"MONTADO1"
02/05/2017,"MONTADO",1,9,"30092",T,1000,"MONTADO1"
02/05/2017,"MONTADO",1,365,"50011",T,1000,"MONTADO1"
02/05/2017,"MONTADO",1,32,"90081",T,1000,"MONTADO1"
03/05/2017,"MONTADO",1,90,"11123",T,1000,"MONTADO1"
03/05/2017,"MONTADO",1,128,"30093",T,1000,"MONTADO1"
03/05/2017,"MONTADO",1,204,"90081",T,1000,"MONTADO1"
06/04/2017,"MONTADO",2,7,"1645",T,1000,"MONTADO2"
06/04/2017,"MONTADO",2,4,"18298",T,1000,"MONTADO2"
06/04/2017,"MONTADO",2,100,"18300",T,1000,"MONTADO2"
06/04/2017,"MONTADO",2,16,"30093",T,1000,"MONTADO2"
06/04/2017,"MONTADO",2,43,"75015",T,1000,"MONTADO2"
06/04/2017,"MONTADO",2,200,"95081",T,1000,"MONTADO2"
06/04/2017,"MONTADO",2,41,"95082",T,1000,"MONTADO2"
07/04/2017,"MONTADO",2,17,"11571",T,1000,"MONTADO2"
07/04/2017,"MONTADO",2,81,"18300",T,1000,"MONTADO2"
07/04/2017,"MONTADO",2,24,"30091",T,1000,"MONTADO2"
07/04/2017,"MONTADO",2,428,"60254",T,1000,"MONTADO2"
07/04/2017,"MONTADO",2,150,"783",T,1000,"MONTADO2"
07/04/2017,"MONTADO",2,60,"95082",T,1000,"MONTADO2"
08/04/2017,"MONTADO",2,143,"14862",T,1000,"MONTADO2"
08/04/2017,"MONTADO",2,505,"60254",T,1000,"MONTADO2"
08/04/2017,"MONTADO",2,11,"75015",T,1000,"MONTADO2"
08/04/2017,"MONTADO",2,40,"95081",T,1000,"MONTADO2"
08/04/2017,"MONTADO",2,19,"95082",T,1000,"MONTADO2"
17/04/2017,"MONTADO",2,663,"10673",T,1000,"MONTADO2"
17/04/2017,"MONTADO",2,19,"12647",T,1000,"MONTADO2"
17/04/2017,"MONTADO",2,35,"75015",T,1000,"MONTADO2"
18/04/2017,"MONTADO",2,472,"10673",T,1000,"MONTADO2"
18/04/2017,"MONTADO",2,92,"10709",T,1000,"MONTADO2"
18/04/2017,"MONTADO",2,24,"11571",T,1000,"MONTADO2"
18/04/2017,"MONTADO",2,83,"18298",T,1000,"MONTADO2"
18/04/2017,"MONTADO",2,20,"18318",T,1000,"MONTADO2"
18/04/2017,"MONTADO",2,17,"60251",T,1000,"MONTADO2"
18/04/2017,"MONTADO",2,18,"75015",T,1000,"MONTADO2"
18/04/2017,"MONTADO",2,22,"95082",T,1000,"MONTADO2"
19/04/2017,"MONTADO",2,34,"10709",T,1000,"MONTADO2"
19/04/2017,"MONTADO",2,157,"14862",T,1000,"MONTADO2"
19/04/2017,"MONTADO",2,192,"1645",T,1000,"MONTADO2"
19/04/2017,"MONTADO",2,182,"18298",T,1000,"MONTADO2"
20/04/2017,"MONTADO",2,136,"10554",T,1000,"MONTADO2"
20/04/2017,"MONTADO",2,172,"10673",T,1000,"MONTADO2"
20/04/2017,"MONTADO",2,36,"10699",T,1000,"MONTADO2"
20/04/2017,"MONTADO",2,12,"10709",T,1000,"MONTADO2"
20/04/2017,"MONTADO",2,200,"14076",T,1000,"MONTADO2"
20/04/2017,"MONTADO",2,21,"18298",T,1000,"MONTADO2"
20/04/2017,"MONTADO",2,150,"783",T,1000,"MONTADO2"
20/04/2017,"MONTADO",2,22,"95081",T,1000,"MONTADO2"
21/04/2017,"MONTADO",2,16,"10554",T,1000,"MONTADO2"
21/04/2017,"MONTADO",2,331,"10673",T,1000,"MONTADO2"
21/04/2017,"MONTADO",2,12,"10699",T,1000,"MONTADO2"
21/04/2017,"MONTADO",2,44,"1525",T,1000,"MONTADO2"
21/04/2017,"MONTADO",2,8,"1645",T,1000,"MONTADO2"
21/04/2017,"MONTADO",2,40,"18314",T,1000,"MONTADO2"
21/04/2017,"MONTADO",2,40,"2052",T,1000,"MONTADO2"
21/04/2017,"MONTADO",2,90,"60253",T,1000,"MONTADO2"
21/04/2017,"MONTADO",2,80,"95082",T,1000,"MONTADO2"
22/04/2017,"MONTADO",2,86,"10554",T,500,"MONTADO2"
22/04/2017,"MONTADO",2,351,"10673",T,500,"MONTADO2"
22/04/2017,"MONTADO",2,22,"95081",T,500,"MONTADO2"
24/04/2017,"MONTADO",2,292,"10300",T,1000,"MONTADO2"
24/04/2017,"MONTADO",2,325,"10673",T,1000,"MONTADO2"
24/04/2017,"MONTADO",2,37,"11571",T,1000,"MONTADO2"
24/04/2017,"MONTADO",2,34,"18300",T,1000,"MONTADO2"
24/04/2017,"MONTADO",2,38,"60251",T,1000,"MONTADO2"
24/04/2017,"MONTADO",2,30,"60253",T,1000,"MONTADO2"
25/04/2017,"MONTADO",2,8,"10300",T,1000,"MONTADO2"
25/04/2017,"MONTADO",2,703,"10673",T,1000,"MONTADO2"
25/04/2017,"MONTADO",2,28,"10700",T,1000,"MONTADO2"
25/04/2017,"MONTADO",2,12,"11571",T,1000,"MONTADO2"
25/04/2017,"MONTADO",2,44,"60251",T,1000,"MONTADO2"
25/04/2017,"MONTADO",2,30,"60253",T,1000,"MONTADO2"
26/04/2017,"MONTADO",2,68,"10673",T,1000,"MONTADO2"
26/04/2017,"MONTADO",2,24,"10700",T,1000,"MONTADO2"
26/04/2017,"MONTADO",2,24,"12647",T,1000,"MONTADO2"
26/04/2017,"MONTADO",2,24,"13904",T,1000,"MONTADO2"
26/04/2017,"MONTADO",2,196,"14076",T,1000,"MONTADO2"
26/04/2017,"MONTADO",2,100,"18298",T,1000,"MONTADO2"
26/04/2017,"MONTADO",2,125,"75015",T,1000,"MONTADO2"
26/04/2017,"MONTADO",2,189,"8044",T,1000,"MONTADO2"
26/04/2017,"MONTADO",2,118,"95082",T,1000,"MONTADO2"
27/04/2017,"MONTADO",2,14,"10673",T,1000,"MONTADO2"
27/04/2017,"MONTADO",2,32,"12647",T,1000,"MONTADO2"
27/04/2017,"MONTADO",2,698,"75015",T,1000,"MONTADO2"
27/04/2017,"MONTADO",2,7,"8044",T,1000,"MONTADO2"
28/04/2017,"MONTADO",2,102,"10673",T,1000,"MONTADO2"
28/04/2017,"MONTADO",2,12,"13904",T,1000,"MONTADO2"
28/04/2017,"MONTADO",2,240,"18314",T,1000,"MONTADO2"
28/04/2017,"MONTADO",2,120,"75015",T,1000,"MONTADO2"
28/04/2017,"MONTADO",2,240,"9167",T,1000,"MONTADO2"
29/04/2017,"MONTADO",2,413,"75015",T,500,"MONTADO2"
02/05/2017,"MONTADO",2,5,"10673",T,1000,"MONTADO2"
02/05/2017,"MONTADO",2,66,"10709",T,1000,"MONTADO2"
02/05/2017,"MONTADO",2,178,"14076",T,1000,"MONTADO2"
02/05/2017,"MONTADO",2,29,"14862",T,1000,"MONTADO2"
02/05/2017,"MONTADO",2,185,"1645",T,1000,"MONTADO2"
02/05/2017,"MONTADO",2,240,"2052",T,1000,"MONTADO2"
02/05/2017,"MONTADO",2,408,"60251",T,1000,"MONTADO2"
02/05/2017,"MONTADO",2,144,"75015",T,1000,"MONTADO2"
02/05/2017,"MONTADO",2,31,"783",T,1000,"MONTADO2"
02/05/2017,"MONTADO",2,18,"95081",T,1000,"MONTADO2"
03/05/2017,"MONTADO",2,558,"10673",T,1000,"MONTADO2"
03/05/2017,"MONTADO",2,12,"12984",T,1000,"MONTADO2"
03/05/2017,"MONTADO",2,57,"60251",T,1000,"MONTADO2"
03/05/2017,"MONTADO",2,20,"75015",T,1000,"MONTADO2"
03/05/2017,"MONTADO",2,24,"95081",T,1000,"MONTADO2"
06/04/2017,"MONTADO",3,6,"10300",T,1000,"MONTADO3"
06/04/2017,"MONTADO",3,778,"18312",T,1000,"MONTADO3"
06/04/2017,"MONTADO",3,34,"18320",T,1000,"MONTADO3"
07/04/2017,"MONTADO",3,45,"10300",T,1000,"MONTADO3"
07/04/2017,"MONTADO",3,7,"10303",T,1000,"MONTADO3"
07/04/2017,"MONTADO",3,79,"10552",T,1000,"MONTADO3"
07/04/2017,"MONTADO",3,31,"11123",T,1000,"MONTADO3"
07/04/2017,"MONTADO",3,19,"18312",T,1000,"MONTADO3"
07/04/2017,"MONTADO",3,10,"40071",T,1000,"MONTADO3"
07/04/2017,"MONTADO",3,145,"40074",T,1000,"MONTADO3"
07/04/2017,"MONTADO",3,48,"40801",T,1000,"MONTADO3"
07/04/2017,"MONTADO",3,29,"40802",T,1000,"MONTADO3"
07/04/2017,"MONTADO",3,65,"40803",T,1000,"MONTADO3"
07/04/2017,"MONTADO",3,83,"50011",T,1000,"MONTADO3"
07/04/2017,"MONTADO",3,26,"50013",T,1000,"MONTADO3"
08/04/2017,"MONTADO",3,78,"10552",T,1000,"MONTADO3"
08/04/2017,"MONTADO",3,122,"10673",T,1000,"MONTADO3"
08/04/2017,"MONTADO",3,111,"11123",T,1000,"MONTADO3"
08/04/2017,"MONTADO",3,20,"11571",T,1000,"MONTADO3"
08/04/2017,"MONTADO",3,12,"40801",T,1000,"MONTADO3"
08/04/2017,"MONTADO",3,8,"40803",T,1000,"MONTADO3"
17/04/2017,"MONTADO",3,23,"10552",T,1000,"MONTADO3"
17/04/2017,"MONTADO",3,28,"10673",T,1000,"MONTADO3"
17/04/2017,"MONTADO",3,5,"11123",T,1000,"MONTADO3"
17/04/2017,"MONTADO",3,176,"18312",T,1000,"MONTADO3"
17/04/2017,"MONTADO",3,10,"40071",T,1000,"MONTADO3"
17/04/2017,"MONTADO",3,16,"40074",T,1000,"MONTADO3"
17/04/2017,"MONTADO",3,50,"40802",T,1000,"MONTADO3"
17/04/2017,"MONTADO",3,7,"40803",T,1000,"MONTADO3"
17/04/2017,"MONTADO",3,238,"554",T,1000,"MONTADO3"
17/04/2017,"MONTADO",3,290,"6686",T,1000,"MONTADO3"
18/04/2017,"MONTADO",3,17,"10432",T,1000,"MONTADO3"
18/04/2017,"MONTADO",3,20,"10552",T,1000,"MONTADO3"
18/04/2017,"MONTADO",3,12,"10673",T,1000,"MONTADO3"
18/04/2017,"MONTADO",3,40,"13904",T,1000,"MONTADO3"
18/04/2017,"MONTADO",3,289,"18312",T,1000,"MONTADO3"
18/04/2017,"MONTADO",3,110,"18318",T,1000,"MONTADO3"
18/04/2017,"MONTADO",3,9,"40074",T,1000,"MONTADO3"
18/04/2017,"MONTADO",3,8,"40801",T,1000,"MONTADO3"
18/04/2017,"MONTADO",3,6,"554",T,1000,"MONTADO3"
19/04/2017,"MONTADO",3,200,"10300",T,1000,"MONTADO3"
19/04/2017,"MONTADO",3,13,"18312",T,1000,"MONTADO3"
19/04/2017,"MONTADO",3,283,"18320",T,1000,"MONTADO3"
19/04/2017,"MONTADO",3,6,"554",T,1000,"MONTADO3"
19/04/2017,"MONTADO",3,33,"6686",T,1000,"MONTADO3"
20/04/2017,"MONTADO",3,197,"10303",T,1000,"MONTADO3"
20/04/2017,"MONTADO",3,80,"18312",T,1000,"MONTADO3"
20/04/2017,"MONTADO",3,67,"18318",T,1000,"MONTADO3"
20/04/2017,"MONTADO",3,116,"18320",T,1000,"MONTADO3"
20/04/2017,"MONTADO",3,244,"554",T,1000,"MONTADO3"
21/04/2017,"MONTADO",3,3,"10303",T,1000,"MONTADO3"
21/04/2017,"MONTADO",3,610,"18312",T,1000,"MONTADO3"
21/04/2017,"MONTADO",3,40,"550",T,1000,"MONTADO3"
21/04/2017,"MONTADO",3,6,"554",T,1000,"MONTADO3"
22/04/2017,"MONTADO",3,56,"13904",T,500,"MONTADO3"
22/04/2017,"MONTADO",3,133,"13906",T,500,"MONTADO3"
22/04/2017,"MONTADO",3,120,"60251",T,500,"MONTADO3"
24/04/2017,"MONTADO",3,110,"10303",T,1000,"MONTADO3"
24/04/2017,"MONTADO",3,13,"40803",T,1000,"MONTADO3"
24/04/2017,"MONTADO",3,81,"550",T,1000,"MONTADO3"
24/04/2017,"MONTADO",3,210,"60251",T,1000,"MONTADO3"
25/04/2017,"MONTADO",3,5,"13904",T,1000,"MONTADO3"
25/04/2017,"MONTADO",3,62,"13906",T,1000,"MONTADO3"
25/04/2017,"MONTADO",3,102,"18312",T,1000,"MONTADO3"
25/04/2017,"MONTADO",3,180,"18320",T,1000,"MONTADO3"
25/04/2017,"MONTADO",3,121,"550",T,1000,"MONTADO3"
25/04/2017,"MONTADO",3,20,"60251",T,1000,"MONTADO3"
26/04/2017,"MONTADO",3,65,"10303",T,1000,"MONTADO3"
26/04/2017,"MONTADO",3,6,"13904",T,1000,"MONTADO3"
26/04/2017,"MONTADO",3,4,"13906",T,1000,"MONTADO3"
26/04/2017,"MONTADO",3,645,"18312",T,1000,"MONTADO3"
26/04/2017,"MONTADO",3,214,"18320",T,1000,"MONTADO3"
26/04/2017,"MONTADO",3,77,"60251",T,1000,"MONTADO3"
27/04/2017,"MONTADO",3,25,"10303",T,1000,"MONTADO3"
27/04/2017,"MONTADO",3,614,"10673",T,1000,"MONTADO3"
27/04/2017,"MONTADO",3,92,"10693",T,1000,"MONTADO3"
27/04/2017,"MONTADO",3,41,"18312",T,1000,"MONTADO3"
27/04/2017,"MONTADO",3,38,"550",T,1000,"MONTADO3"
28/04/2017,"MONTADO",3,780,"10673",T,1000,"MONTADO3"
28/04/2017,"MONTADO",3,11,"18312",T,1000,"MONTADO3"
28/04/2017,"MONTADO",3,6,"18320",T,1000,"MONTADO3"
28/04/2017,"MONTADO",3,10,"60251",T,1000,"MONTADO3"
29/04/2017,"MONTADO",3,174,"10673",T,500,"MONTADO3"
29/04/2017,"MONTADO",3,182,"10693",T,500,"MONTADO3"
02/05/2017,"MONTADO",3,185,"10300",T,1000,"MONTADO3"
02/05/2017,"MONTADO",3,442,"10673",T,1000,"MONTADO3"
02/05/2017,"MONTADO",3,124,"10693",T,1000,"MONTADO3"
02/05/2017,"MONTADO",3,572,"18312",T,1000,"MONTADO3"
02/05/2017,"MONTADO",3,40,"6686",T,1000,"MONTADO3"
02/05/2017,"MONTADO",3,14,"75015",T,1000,"MONTADO3"
03/05/2017,"MONTADO",3,247,"10673",T,1000,"MONTADO3"
03/05/2017,"MONTADO",3,34,"10693",T,1000,"MONTADO3"
03/05/2017,"MONTADO",3,36,"10708",T,1000,"MONTADO3"
03/05/2017,"MONTADO",3,212,"18312",T,1000,"MONTADO3"
03/05/2017,"MONTADO",3,93,"18320",T,1000,"MONTADO3"
06/04/2017,"MONTADO",4,27,"10551",T,1000,"MONTADO4"
06/04/2017,"MONTADO",4,1004,"60254",T,1000,"MONTADO4"
07/04/2017,"MONTADO",4,6,"12982",T,1000,"MONTADO4"
07/04/2017,"MONTADO",4,830,"60254",T,1000,"MONTADO4"
07/04/2017,"MONTADO",4,100,"8043",T,1000,"MONTADO4"
07/04/2017,"MONTADO",4,21,"P5021",T,1000,"MONTADO4"
08/04/2017,"MONTADO",4,107,"30245",T,1000,"MONTADO4"
08/04/2017,"MONTADO",4,211,"35311",T,1000,"MONTADO4"
08/04/2017,"MONTADO",4,263,"60254",T,1000,"MONTADO4"
10/04/2017,"MONTADO",4,106,"60254",T,0,"MONTADO4"
17/04/2017,"MONTADO",4,170,"11974",T,1000,"MONTADO4"
17/04/2017,"MONTADO",4,43,"12161",T,1000,"MONTADO4"
17/04/2017,"MONTADO",4,270,"30245",T,1000,"MONTADO4"
17/04/2017,"MONTADO",4,41,"35311",T,1000,"MONTADO4"
17/04/2017,"MONTADO",4,48,"50011",T,1000,"MONTADO4"
17/04/2017,"MONTADO",4,200,"8043",T,1000,"MONTADO4"
18/04/2017,"MONTADO",4,6,"11974",T,1000,"MONTADO4"
18/04/2017,"MONTADO",4,24,"12982",T,1000,"MONTADO4"
18/04/2017,"MONTADO",4,63,"13275",T,1000,"MONTADO4"
18/04/2017,"MONTADO",4,25,"50011",T,1000,"MONTADO4"
18/04/2017,"MONTADO",4,200,"8043",T,1000,"MONTADO4"
18/04/2017,"MONTADO",4,110,"8060",T,1000,"MONTADO4"
18/04/2017,"MONTADO",4,1,"P5010",T,1000,"MONTADO4"
18/04/2017,"MONTADO",4,1,"P5012",T,1000,"MONTADO4"
18/04/2017,"MONTADO",4,21,"P5020",T,1000,"MONTADO4"
18/04/2017,"MONTADO",4,1,"P5024",T,1000,"MONTADO4"
18/04/2017,"MONTADO",4,5,"P5036",T,1000,"MONTADO4"
18/04/2017,"MONTADO",4,6,"P5038",T,1000,"MONTADO4"
18/04/2017,"MONTADO",4,28,"P5042",T,1000,"MONTADO4"
18/04/2017,"MONTADO",4,4,"P5078",T,1000,"MONTADO4"
18/04/2017,"MONTADO",4,4,"P5079",T,1000,"MONTADO4"
18/04/2017,"MONTADO",4,1,"P5083",T,1000,"MONTADO4"
18/04/2017,"MONTADO",4,2,"P5099",T,1000,"MONTADO4"
18/04/2017,"MONTADO",4,16,"P5100",T,1000,"MONTADO4"
18/04/2017,"MONTADO",4,60,"P5101",T,1000,"MONTADO4"
18/04/2017,"MONTADO",4,15,"P5102",T,1000,"MONTADO4"
18/04/2017,"MONTADO",4,1,"P5112",T,1000,"MONTADO4"
18/04/2017,"MONTADO",4,1,"P5117",T,1000,"MONTADO4"
18/04/2017,"MONTADO",4,1,"P5118",T,1000,"MONTADO4"
18/04/2017,"MONTADO",4,1,"P5122",T,1000,"MONTADO4"
18/04/2017,"MONTADO",4,1,"P5123",T,1000,"MONTADO4"
18/04/2017,"MONTADO",4,1,"P5125",T,1000,"MONTADO4"
18/04/2017,"MONTADO",4,2,"P5126",T,1000,"MONTADO4"
19/04/2017,"MONTADO",4,20,"10552",T,1000,"MONTADO4"
19/04/2017,"MONTADO",4,119,"11123",T,1000,"MONTADO4"
19/04/2017,"MONTADO",4,92,"11974",T,1000,"MONTADO4"
19/04/2017,"MONTADO",4,155,"30022",T,1000,"MONTADO4"
19/04/2017,"MONTADO",4,16,"30093",T,1000,"MONTADO4"
19/04/2017,"MONTADO",4,12,"50011",T,1000,"MONTADO4"
19/04/2017,"MONTADO",4,90,"8060",T,1000,"MONTADO4"
19/04/2017,"MONTADO",4,3,"P5010",T,1000,"MONTADO4"
19/04/2017,"MONTADO",4,5,"P5016",T,1000,"MONTADO4"
19/04/2017,"MONTADO",4,7,"P5020",T,1000,"MONTADO4"
19/04/2017,"MONTADO",4,48,"P5101",T,1000,"MONTADO4"
19/04/2017,"MONTADO",4,2,"P5126",T,1000,"MONTADO4"
19/04/2017,"MONTADO",4,1,"P5131",T,1000,"MONTADO4"
20/04/2017,"MONTADO",4,16,"10552",T,1000,"MONTADO4"
20/04/2017,"MONTADO",4,105,"10709",T,1000,"MONTADO4"
20/04/2017,"MONTADO",4,12,"11974",T,1000,"MONTADO4"
20/04/2017,"MONTADO",4,17,"12161",T,1000,"MONTADO4"
20/04/2017,"MONTADO",4,8,"30022",T,1000,"MONTADO4"
20/04/2017,"MONTADO",4,36,"30093",T,1000,"MONTADO4"
20/04/2017,"MONTADO",4,112,"30245",T,1000,"MONTADO4"
20/04/2017,"MONTADO",4,60,"40803",T,1000,"MONTADO4"
20/04/2017,"MONTADO",4,245,"60251",T,1000,"MONTADO4"
21/04/2017,"MONTADO",4,435,"10709",T,1000,"MONTADO4"
21/04/2017,"MONTADO",4,32,"11932",T,1000,"MONTADO4"
21/04/2017,"MONTADO",4,20,"30093",T,1000,"MONTADO4"
21/04/2017,"MONTADO",4,16,"60251",T,1000,"MONTADO4"
21/04/2017,"MONTADO",4,36,"90078",T,1000,"MONTADO4"
22/04/2017,"MONTADO",4,50,"10709",T,500,"MONTADO4"
22/04/2017,"MONTADO",4,30,"11077",T,500,"MONTADO4"
22/04/2017,"MONTADO",4,50,"11123",T,500,"MONTADO4"
22/04/2017,"MONTADO",4,96,"11932",T,500,"MONTADO4"
22/04/2017,"MONTADO",4,24,"11977",T,500,"MONTADO4"
22/04/2017,"MONTADO",4,52,"13584",T,500,"MONTADO4"
22/04/2017,"MONTADO",4,24,"60251",T,500,"MONTADO4"
22/04/2017,"MONTADO",4,64,"90084",T,500,"MONTADO4"
22/04/2017,"MONTADO",4,20,"95042",T,500,"MONTADO4"
24/04/2017,"MONTADO",4,25,"10552",T,1000,"MONTADO4"
24/04/2017,"MONTADO",4,8,"11077",T,1000,"MONTADO4"
24/04/2017,"MONTADO",4,24,"11123",T,1000,"MONTADO4"
24/04/2017,"MONTADO",4,4,"11932",T,1000,"MONTADO4"
24/04/2017,"MONTADO",4,20,"11977",T,1000,"MONTADO4"
24/04/2017,"MONTADO",4,9,"13584",T,1000,"MONTADO4"
24/04/2017,"MONTADO",4,265,"30022",T,1000,"MONTADO4"
24/04/2017,"MONTADO",4,53,"40071",T,1000,"MONTADO4"
24/04/2017,"MONTADO",4,68,"40074",T,1000,"MONTADO4"
24/04/2017,"MONTADO",4,102,"40801",T,1000,"MONTADO4"
24/04/2017,"MONTADO",4,16,"40802",T,1000,"MONTADO4"
24/04/2017,"MONTADO",4,18,"50011",T,1000,"MONTADO4"
24/04/2017,"MONTADO",4,8,"90084",T,1000,"MONTADO4"
24/04/2017,"MONTADO",4,82,"95042",T,1000,"MONTADO4"
25/04/2017,"MONTADO",4,24,"10552",T,1000,"MONTADO4"
25/04/2017,"MONTADO",4,10,"10709",T,1000,"MONTADO4"
25/04/2017,"MONTADO",4,7,"11077",T,1000,"MONTADO4"
25/04/2017,"MONTADO",4,55,"11123",T,1000,"MONTADO4"
25/04/2017,"MONTADO",4,4,"11932",T,1000,"MONTADO4"
25/04/2017,"MONTADO",4,27,"30022",T,1000,"MONTADO4"
25/04/2017,"MONTADO",4,6,"30245",T,1000,"MONTADO4"
25/04/2017,"MONTADO",4,21,"40071",T,1000,"MONTADO4"
25/04/2017,"MONTADO",4,12,"40074",T,1000,"MONTADO4"
25/04/2017,"MONTADO",4,15,"40801",T,1000,"MONTADO4"
25/04/2017,"MONTADO",4,16,"40802",T,1000,"MONTADO4"
25/04/2017,"MONTADO",4,5,"50011",T,1000,"MONTADO4"
25/04/2017,"MONTADO",4,137,"60251",T,1000,"MONTADO4"
25/04/2017,"MONTADO",4,371,"8043",T,1000,"MONTADO4"
25/04/2017,"MONTADO",4,40,"90081",T,1000,"MONTADO4"
25/04/2017,"MONTADO",4,34,"90083",T,1000,"MONTADO4"
25/04/2017,"MONTADO",4,6,"P5038",T,1000,"MONTADO4"
25/04/2017,"MONTADO",4,10,"P5101",T,1000,"MONTADO4"
26/04/2017,"MONTADO",4,16,"11977",T,1000,"MONTADO4"
26/04/2017,"MONTADO",4,1,"30022",T,1000,"MONTADO4"
26/04/2017,"MONTADO",4,252,"40074",T,1000,"MONTADO4"
26/04/2017,"MONTADO",4,16,"40801",T,1000,"MONTADO4"
26/04/2017,"MONTADO",4,315,"60251",T,1000,"MONTADO4"
26/04/2017,"MONTADO",4,170,"8060",T,1000,"MONTADO4"
26/04/2017,"MONTADO",4,20,"90081",T,1000,"MONTADO4"
26/04/2017,"MONTADO",4,6,"90083",T,1000,"MONTADO4"
26/04/2017,"MONTADO",4,6,"95042",T,1000,"MONTADO4"
27/04/2017,"MONTADO",4,40,"10554",T,1000,"MONTADO4"
27/04/2017,"MONTADO",4,12,"10709",T,1000,"MONTADO4"
27/04/2017,"MONTADO",4,22,"11123",T,1000,"MONTADO4"
27/04/2017,"MONTADO",4,48,"30021",T,1000,"MONTADO4"
27/04/2017,"MONTADO",4,88,"30022",T,1000,"MONTADO4"
27/04/2017,"MONTADO",4,584,"40074",T,1000,"MONTADO4"
27/04/2017,"MONTADO",4,4,"40802",T,1000,"MONTADO4"
27/04/2017,"MONTADO",4,16,"8043",T,1000,"MONTADO4"
27/04/2017,"MONTADO",4,30,"8060",T,1000,"MONTADO4"
27/04/2017,"MONTADO",4,8,"90083",T,1000,"MONTADO4"
28/04/2017,"MONTADO",4,537,"12647",T,1000,"MONTADO4"
28/04/2017,"MONTADO",4,5,"30022",T,1000,"MONTADO4"
28/04/2017,"MONTADO",4,79,"40074",T,1000,"MONTADO4"
28/04/2017,"MONTADO",4,5,"40801",T,1000,"MONTADO4"
28/04/2017,"MONTADO",4,20,"60251",T,1000,"MONTADO4"
28/04/2017,"MONTADO",4,50,"90081",T,1000,"MONTADO4"
28/04/2017,"MONTADO",4,8,"90083",T,1000,"MONTADO4"
29/04/2017,"MONTADO",4,309,"12647",T,500,"MONTADO4"
02/05/2017,"MONTADO",4,213,"10554",T,1000,"MONTADO4"
02/05/2017,"MONTADO",4,236,"11932",T,1000,"MONTADO4"
02/05/2017,"MONTADO",4,36,"11933",T,1000,"MONTADO4"
02/05/2017,"MONTADO",4,72,"12161",T,1000,"MONTADO4"
02/05/2017,"MONTADO",4,308,"12647",T,1000,"MONTADO4"
02/05/2017,"MONTADO",4,21,"30022",T,1000,"MONTADO4"
02/05/2017,"MONTADO",4,90,"40074",T,1000,"MONTADO4"
02/05/2017,"MONTADO",4,4,"40801",T,1000,"MONTADO4"
02/05/2017,"MONTADO",4,47,"60251",T,1000,"MONTADO4"
02/05/2017,"MONTADO",4,379,"8043",T,1000,"MONTADO4"
02/05/2017,"MONTADO",4,194,"8060",T,1000,"MONTADO4"
02/05/2017,"MONTADO",4,6,"90081",T,1000,"MONTADO4"
03/05/2017,"MONTADO",4,635,"10554",T,1000,"MONTADO4"
03/05/2017,"MONTADO",4,67,"11932",T,1000,"MONTADO4"
03/05/2017,"MONTADO",4,53,"12647",T,1000,"MONTADO4"
03/05/2017,"MONTADO",4,54,"30022",T,1000,"MONTADO4"
06/04/2017,"PISOS",1,12,"18312",T,2000,"ENSAMBLE1"
06/04/2017,"PISOS",1,241,"30245",T,2000,"ENSAMBLE1"
06/04/2017,"PISOS",1,20,"40071",T,2000,"ENSAMBLE1"
06/04/2017,"PISOS",1,39,"40074",T,2000,"ENSAMBLE1"
06/04/2017,"PISOS",1,68,"40801",T,2000,"ENSAMBLE1"
06/04/2017,"PISOS",1,93,"40803",T,2000,"ENSAMBLE1"
06/04/2017,"PISOS",1,40,"550",T,2000,"ENSAMBLE1"
06/04/2017,"PISOS",1,190,"554",T,2000,"ENSAMBLE1"
06/04/2017,"PISOS",1,1,"P5112",T,2000,"ENSAMBLE1"
06/04/2017,"PISOS",1,1,"P5123",T,2000,"ENSAMBLE1"
07/04/2017,"PISOS",1,157,"18312",T,2000,"ENSAMBLE1"
07/04/2017,"PISOS",1,72,"30093",T,2000,"ENSAMBLE1"
07/04/2017,"PISOS",1,36,"30245",T,2000,"ENSAMBLE1"
07/04/2017,"PISOS",1,479,"40074",T,2000,"ENSAMBLE1"
07/04/2017,"PISOS",1,60,"40803",T,2000,"ENSAMBLE1"
07/04/2017,"PISOS",1,60,"554",T,2000,"ENSAMBLE1"
07/04/2017,"PISOS",1,200,"8043",T,2000,"ENSAMBLE1"
07/04/2017,"PISOS",1,50,"P5101",T,2000,"ENSAMBLE1"
08/04/2017,"PISOS",1,28,"13904",T,1000,"ENSAMBLE1"
08/04/2017,"PISOS",1,184,"13906",T,1000,"ENSAMBLE1"
08/04/2017,"PISOS",1,321,"18312",T,1000,"ENSAMBLE1"
08/04/2017,"PISOS",1,190,"554",T,1000,"ENSAMBLE1"
09/04/2017,"PISOS",1,12,"13904",T,0,"ENSAMBLE1"
09/04/2017,"PISOS",1,15,"13906",T,0,"ENSAMBLE1"
09/04/2017,"PISOS",1,280,"18312",T,0,"ENSAMBLE1"
09/04/2017,"PISOS",1,60,"554",T,0,"ENSAMBLE1"
09/04/2017,"PISOS",1,190,"8043",T,0,"ENSAMBLE1"
17/04/2017,"PISOS",1,114,"10303",T,2000,"ENSAMBLE1"
17/04/2017,"PISOS",1,62,"11932",T,2000,"ENSAMBLE1"
17/04/2017,"PISOS",1,100,"1525",T,2000,"ENSAMBLE1"
17/04/2017,"PISOS",1,286,"18298",T,2000,"ENSAMBLE1"
17/04/2017,"PISOS",1,420,"18312",T,2000,"ENSAMBLE1"
17/04/2017,"PISOS",1,64,"30092",T,2000,"ENSAMBLE1"
17/04/2017,"PISOS",1,142,"40801",T,2000,"ENSAMBLE1"
17/04/2017,"PISOS",1,10,"8043",T,2000,"ENSAMBLE1"
17/04/2017,"PISOS",1,200,"8060",T,2000,"ENSAMBLE1"
18/04/2017,"PISOS",1,86,"10303",T,2000,"ENSAMBLE1"
18/04/2017,"PISOS",1,38,"11932",T,2000,"ENSAMBLE1"
18/04/2017,"PISOS",1,37,"12647",T,2000,"ENSAMBLE1"
18/04/2017,"PISOS",1,67,"13904",T,2000,"ENSAMBLE1"
18/04/2017,"PISOS",1,600,"1525",T,2000,"ENSAMBLE1"
18/04/2017,"PISOS",1,48,"30021",T,2000,"ENSAMBLE1"
18/04/2017,"PISOS",1,41,"30093",T,2000,"ENSAMBLE1"
18/04/2017,"PISOS",1,104,"30245",T,2000,"ENSAMBLE1"
18/04/2017,"PISOS",1,32,"40071",T,2000,"ENSAMBLE1"
18/04/2017,"PISOS",1,68,"40074",T,2000,"ENSAMBLE1"
18/04/2017,"PISOS",1,100,"60253",T,2000,"ENSAMBLE1"
18/04/2017,"PISOS",1,113,"75015",T,2000,"ENSAMBLE1"
19/04/2017,"PISOS",1,200,"10303",T,2000,"ENSAMBLE1"
19/04/2017,"PISOS",1,64,"11123",T,2000,"ENSAMBLE1"
19/04/2017,"PISOS",1,36,"11932",T,2000,"ENSAMBLE1"
19/04/2017,"PISOS",1,65,"12647",T,2000,"ENSAMBLE1"
19/04/2017,"PISOS",1,293,"30022",T,2000,"ENSAMBLE1"
19/04/2017,"PISOS",1,37,"30093",T,2000,"ENSAMBLE1"
19/04/2017,"PISOS",1,42,"40071",T,2000,"ENSAMBLE1"
19/04/2017,"PISOS",1,24,"40074",T,2000,"ENSAMBLE1"
19/04/2017,"PISOS",1,36,"40802",T,2000,"ENSAMBLE1"
19/04/2017,"PISOS",1,240,"550",T,2000,"ENSAMBLE1"
19/04/2017,"PISOS",1,63,"60251",T,2000,"ENSAMBLE1"
19/04/2017,"PISOS",1,50,"60253",T,2000,"ENSAMBLE1"
19/04/2017,"PISOS",1,196,"8044",T,2000,"ENSAMBLE1"
19/04/2017,"PISOS",1,42,"9167",T,2000,"ENSAMBLE1"
19/04/2017,"PISOS",1,198,"95082",T,2000,"ENSAMBLE1"
20/04/2017,"PISOS",1,10,"11123",T,2000,"ENSAMBLE1"
20/04/2017,"PISOS",1,24,"12647",T,2000,"ENSAMBLE1"
20/04/2017,"PISOS",1,733,"1525",T,2000,"ENSAMBLE1"
20/04/2017,"PISOS",1,449,"60251",T,2000,"ENSAMBLE1"
20/04/2017,"PISOS",1,22,"75015",T,2000,"ENSAMBLE1"
20/04/2017,"PISOS",1,15,"9167",T,2000,"ENSAMBLE1"
21/04/2017,"PISOS",1,65,"1525",T,2000,"ENSAMBLE1"
21/04/2017,"PISOS",1,100,"18298",T,2000,"ENSAMBLE1"
21/04/2017,"PISOS",1,65,"18312",T,2000,"ENSAMBLE1"
21/04/2017,"PISOS",1,745,"40074",T,2000,"ENSAMBLE1"
21/04/2017,"PISOS",1,225,"8043",T,2000,"ENSAMBLE1"
21/04/2017,"PISOS",1,169,"8060",T,2000,"ENSAMBLE1"
22/04/2017,"PISOS",1,36,"13904",T,1000,"ENSAMBLE1"
22/04/2017,"PISOS",1,235,"18312",T,1000,"ENSAMBLE1"
22/04/2017,"PISOS",1,248,"40074",T,1000,"ENSAMBLE1"
22/04/2017,"PISOS",1,35,"8043",T,1000,"ENSAMBLE1"
22/04/2017,"PISOS",1,31,"8060",T,1000,"ENSAMBLE1"
24/04/2017,"PISOS",1,114,"30022",T,2000,"ENSAMBLE1"
24/04/2017,"PISOS",1,489,"75015",T,2000,"ENSAMBLE1"
24/04/2017,"PISOS",1,127,"8043",T,2000,"ENSAMBLE1"
25/04/2017,"PISOS",1,341,"1525",T,2000,"ENSAMBLE1"
25/04/2017,"PISOS",1,489,"18312",T,2000,"ENSAMBLE1"
25/04/2017,"PISOS",1,338,"75015",T,2000,"ENSAMBLE1"
26/04/2017,"PISOS",1,200,"10300",T,2000,"ENSAMBLE1"
26/04/2017,"PISOS",1,639,"10673",T,2000,"ENSAMBLE1"
26/04/2017,"PISOS",1,357,"10693",T,2000,"ENSAMBLE1"
26/04/2017,"PISOS",1,106,"12647",T,2000,"ENSAMBLE1"
26/04/2017,"PISOS",1,66,"1525",T,2000,"ENSAMBLE1"
26/04/2017,"PISOS",1,78,"75015",T,2000,"ENSAMBLE1"
27/04/2017,"PISOS",1,146,"10673",T,2000,"ENSAMBLE1"
27/04/2017,"PISOS",1,82,"11932",T,2000,"ENSAMBLE1"
27/04/2017,"PISOS",1,24,"11933",T,2000,"ENSAMBLE1"
27/04/2017,"PISOS",1,930,"12647",T,2000,"ENSAMBLE1"
27/04/2017,"PISOS",1,374,"1525",T,2000,"ENSAMBLE1"
28/04/2017,"PISOS",1,148,"10673",T,2000,"ENSAMBLE1"
28/04/2017,"PISOS",1,8,"11932",T,2000,"ENSAMBLE1"
28/04/2017,"PISOS",1,12,"11933",T,2000,"ENSAMBLE1"
28/04/2017,"PISOS",1,209,"12647",T,2000,"ENSAMBLE1"
28/04/2017,"PISOS",1,15,"1525",T,2000,"ENSAMBLE1"
28/04/2017,"PISOS",1,78,"30022",T,2000,"ENSAMBLE1"
28/04/2017,"PISOS",1,44,"554",T,2000,"ENSAMBLE1"
28/04/2017,"PISOS",1,342,"8043",T,2000,"ENSAMBLE1"
29/04/2017,"PISOS",1,31,"11932",T,1000,"ENSAMBLE1"
29/04/2017,"PISOS",1,558,"18312",T,1000,"ENSAMBLE1"
29/04/2017,"PISOS",1,396,"30022",T,1000,"ENSAMBLE1"
29/04/2017,"PISOS",1,50,"8043",T,1000,"ENSAMBLE1"
30/04/2017,"PISOS",1,234,"18312",T,0,"ENSAMBLE1"
30/04/2017,"PISOS",1,200,"8060",T,0,"ENSAMBLE1"
30/04/2017,"PISOS",1,16,"95081",T,0,"ENSAMBLE1"
02/05/2017,"PISOS",1,200,"10303",T,2000,"ENSAMBLE1"
02/05/2017,"PISOS",1,627,"11077",T,2000,"ENSAMBLE1"
02/05/2017,"PISOS",1,334,"11123",T,2000,"ENSAMBLE1"
02/05/2017,"PISOS",1,191,"11932",T,2000,"ENSAMBLE1"
02/05/2017,"PISOS",1,99,"18318",T,2000,"ENSAMBLE1"
02/05/2017,"PISOS",1,36,"20003",T,2000,"ENSAMBLE1"
02/05/2017,"PISOS",1,134,"30093",T,2000,"ENSAMBLE1"
02/05/2017,"PISOS",1,84,"40801",T,2000,"ENSAMBLE1"
02/05/2017,"PISOS",1,150,"550",T,2000,"ENSAMBLE1"
02/05/2017,"PISOS",1,65,"8044",T,2000,"ENSAMBLE1"
03/05/2017,"PISOS",1,200,"10303",T,2000,"ENSAMBLE1"
03/05/2017,"PISOS",1,6,"11077",T,2000,"ENSAMBLE1"
03/05/2017,"PISOS",1,567,"11123",T,2000,"ENSAMBLE1"
03/05/2017,"PISOS",1,10,"11932",T,2000,"ENSAMBLE1"
03/05/2017,"PISOS",1,680,"1525",T,2000,"ENSAMBLE1"
03/05/2017,"PISOS",1,10,"2052",T,2000,"ENSAMBLE1"
03/05/2017,"PISOS",1,100,"550",T,2000,"ENSAMBLE1"
03/05/2017,"PISOS",1,328,"8043",T,2000,"ENSAMBLE1"
03/05/2017,"PISOS",1,135,"8044",T,2000,"ENSAMBLE1"
06/04/2017,"PISOS",2,12,"10552",T,2000,"ENSAMBLE2"
06/04/2017,"PISOS",2,813,"10673",T,2000,"ENSAMBLE2"
06/04/2017,"PISOS",2,27,"11571",T,2000,"ENSAMBLE2"
06/04/2017,"PISOS",2,176,"11974",T,2000,"ENSAMBLE2"
06/04/2017,"PISOS",2,63,"13275",T,2000,"ENSAMBLE2"
06/04/2017,"PISOS",2,18,"14862",T,2000,"ENSAMBLE2"
06/04/2017,"PISOS",2,31,"1525",T,2000,"ENSAMBLE2"
06/04/2017,"PISOS",2,25,"50011",T,2000,"ENSAMBLE2"
06/04/2017,"PISOS",2,17,"60251",T,2000,"ENSAMBLE2"
06/04/2017,"PISOS",2,40,"60254",T,2000,"ENSAMBLE2"
06/04/2017,"PISOS",2,256,"6686",T,2000,"ENSAMBLE2"
06/04/2017,"PISOS",2,35,"75015",T,2000,"ENSAMBLE2"
06/04/2017,"PISOS",2,104,"783",T,2000,"ENSAMBLE2"
06/04/2017,"PISOS",2,40,"9167",T,2000,"ENSAMBLE2"
06/04/2017,"PISOS",2,8,"9169",T,2000,"ENSAMBLE2"
07/04/2017,"PISOS",2,343,"10673",T,2000,"ENSAMBLE2"
07/04/2017,"PISOS",2,17,"11571",T,2000,"ENSAMBLE2"
07/04/2017,"PISOS",2,104,"11974",T,2000,"ENSAMBLE2"
07/04/2017,"PISOS",2,60,"12647",T,2000,"ENSAMBLE2"
07/04/2017,"PISOS",2,6,"1525",T,2000,"ENSAMBLE2"
07/04/2017,"PISOS",2,188,"1645",T,2000,"ENSAMBLE2"
07/04/2017,"PISOS",2,500,"18311",T,2000,"ENSAMBLE2"
07/04/2017,"PISOS",2,196,"18318",T,2000,"ENSAMBLE2"
07/04/2017,"PISOS",2,44,"6686",T,2000,"ENSAMBLE2"
07/04/2017,"PISOS",2,243,"75015",T,2000,"ENSAMBLE2"
07/04/2017,"PISOS",2,65,"90081",T,2000,"ENSAMBLE2"
07/04/2017,"PISOS",2,22,"95081",T,2000,"ENSAMBLE2"
07/04/2017,"PISOS",2,22,"95082",T,2000,"ENSAMBLE2"
08/04/2017,"PISOS",2,261,"10673",T,1000,"ENSAMBLE2"
08/04/2017,"PISOS",2,138,"10709",T,1000,"ENSAMBLE2"
08/04/2017,"PISOS",2,45,"11077",T,1000,"ENSAMBLE2"
08/04/2017,"PISOS",2,134,"11123",T,1000,"ENSAMBLE2"
08/04/2017,"PISOS",2,8,"12647",T,1000,"ENSAMBLE2"
08/04/2017,"PISOS",2,12,"1645",T,1000,"ENSAMBLE2"
08/04/2017,"PISOS",2,1,"18318",T,1000,"ENSAMBLE2"
08/04/2017,"PISOS",2,147,"60251",T,1000,"ENSAMBLE2"
08/04/2017,"PISOS",2,38,"75015",T,1000,"ENSAMBLE2"
08/04/2017,"PISOS",2,43,"90081",T,1000,"ENSAMBLE2"
08/04/2017,"PISOS",2,14,"95081",T,1000,"ENSAMBLE2"
17/04/2017,"PISOS",2,200,"10300",T,2000,"ENSAMBLE2"
17/04/2017,"PISOS",2,200,"10302",T,2000,"ENSAMBLE2"
17/04/2017,"PISOS",2,16,"10673",T,2000,"ENSAMBLE2"
17/04/2017,"PISOS",2,200,"14076",T,2000,"ENSAMBLE2"
17/04/2017,"PISOS",2,150,"14862",T,2000,"ENSAMBLE2"
17/04/2017,"PISOS",2,68,"18299",T,2000,"ENSAMBLE2"
17/04/2017,"PISOS",2,399,"18320",T,2000,"ENSAMBLE2"
17/04/2017,"PISOS",2,97,"60251",T,2000,"ENSAMBLE2"
17/04/2017,"PISOS",2,150,"783",T,2000,"ENSAMBLE2"
17/04/2017,"PISOS",2,36,"90084",T,2000,"ENSAMBLE2"
17/04/2017,"PISOS",2,8,"95081",T,2000,"ENSAMBLE2"
18/04/2017,"PISOS",2,36,"10552",T,2000,"ENSAMBLE2"
18/04/2017,"PISOS",2,229,"10554",T,2000,"ENSAMBLE2"
18/04/2017,"PISOS",2,48,"10699",T,2000,"ENSAMBLE2"
18/04/2017,"PISOS",2,586,"10709",T,2000,"ENSAMBLE2"
18/04/2017,"PISOS",2,230,"18299",T,2000,"ENSAMBLE2"
18/04/2017,"PISOS",2,160,"18303",T,2000,"ENSAMBLE2"
18/04/2017,"PISOS",2,44,"60251",T,2000,"ENSAMBLE2"
18/04/2017,"PISOS",2,36,"90078",T,2000,"ENSAMBLE2"
18/04/2017,"PISOS",2,36,"90084",T,2000,"ENSAMBLE2"
19/04/2017,"PISOS",2,9,"10554",T,2000,"ENSAMBLE2"
19/04/2017,"PISOS",2,26,"10709",T,2000,"ENSAMBLE2"
19/04/2017,"PISOS",2,23,"11571",T,2000,"ENSAMBLE2"
19/04/2017,"PISOS",2,60,"11977",T,2000,"ENSAMBLE2"
19/04/2017,"PISOS",2,29,"18303",T,2000,"ENSAMBLE2"
19/04/2017,"PISOS",2,257,"18311",T,2000,"ENSAMBLE2"
19/04/2017,"PISOS",2,136,"9167",T,2000,"ENSAMBLE2"
19/04/2017,"PISOS",2,157,"9169",T,2000,"ENSAMBLE2"
20/04/2017,"PISOS",2,808,"10673",T,2000,"ENSAMBLE2"
20/04/2017,"PISOS",2,26,"11571",T,2000,"ENSAMBLE2"
20/04/2017,"PISOS",2,61,"13584",T,2000,"ENSAMBLE2"
20/04/2017,"PISOS",2,238,"18311",T,2000,"ENSAMBLE2"
20/04/2017,"PISOS",2,32,"2052",T,2000,"ENSAMBLE2"
20/04/2017,"PISOS",2,226,"60251",T,2000,"ENSAMBLE2"
20/04/2017,"PISOS",2,36,"90081",T,2000,"ENSAMBLE2"
20/04/2017,"PISOS",2,12,"9169",T,2000,"ENSAMBLE2"
20/04/2017,"PISOS",2,108,"95042",T,2000,"ENSAMBLE2"
21/04/2017,"PISOS",2,49,"10552",T,2000,"ENSAMBLE2"
21/04/2017,"PISOS",2,24,"10554",T,2000,"ENSAMBLE2"
21/04/2017,"PISOS",2,891,"10673",T,2000,"ENSAMBLE2"
21/04/2017,"PISOS",2,52,"10700",T,2000,"ENSAMBLE2"
21/04/2017,"PISOS",2,24,"10708",T,2000,"ENSAMBLE2"
21/04/2017,"PISOS",2,56,"11123",T,2000,"ENSAMBLE2"
21/04/2017,"PISOS",2,40,"18314",T,2000,"ENSAMBLE2"
21/04/2017,"PISOS",2,327,"18320",T,2000,"ENSAMBLE2"
21/04/2017,"PISOS",2,8,"2052",T,2000,"ENSAMBLE2"
21/04/2017,"PISOS",2,23,"50011",T,2000,"ENSAMBLE2"
21/04/2017,"PISOS",2,273,"60251",T,2000,"ENSAMBLE2"
21/04/2017,"PISOS",2,24,"90081",T,2000,"ENSAMBLE2"
21/04/2017,"PISOS",2,56,"90083",T,2000,"ENSAMBLE2"
22/04/2017,"PISOS",2,300,"10300",T,1000,"ENSAMBLE2"
22/04/2017,"PISOS",2,11,"10302",T,1000,"ENSAMBLE2"
22/04/2017,"PISOS",2,12,"10554",T,1000,"ENSAMBLE2"
22/04/2017,"PISOS",2,199,"10556",T,1000,"ENSAMBLE2"
22/04/2017,"PISOS",2,171,"10673",T,1000,"ENSAMBLE2"
22/04/2017,"PISOS",2,12,"10708",T,1000,"ENSAMBLE2"
22/04/2017,"PISOS",2,6,"11123",T,1000,"ENSAMBLE2"
22/04/2017,"PISOS",2,73,"18320",T,1000,"ENSAMBLE2"
22/04/2017,"PISOS",2,24,"60251",T,1000,"ENSAMBLE2"
22/04/2017,"PISOS",2,47,"9167",T,1000,"ENSAMBLE2"
22/04/2017,"PISOS",2,71,"9169",T,1000,"ENSAMBLE2"
24/04/2017,"PISOS",2,12,"10554",T,2000,"ENSAMBLE2"
24/04/2017,"PISOS",2,421,"10556",T,2000,"ENSAMBLE2"
24/04/2017,"PISOS",2,745,"10673",T,2000,"ENSAMBLE2"
24/04/2017,"PISOS",2,36,"10693",T,2000,"ENSAMBLE2"
24/04/2017,"PISOS",2,169,"14076",T,2000,"ENSAMBLE2"
24/04/2017,"PISOS",2,32,"75015",T,2000,"ENSAMBLE2"
25/04/2017,"PISOS",2,116,"10302",T,2000,"ENSAMBLE2"
25/04/2017,"PISOS",2,455,"10556",T,2000,"ENSAMBLE2"
25/04/2017,"PISOS",2,153,"10673",T,2000,"ENSAMBLE2"
25/04/2017,"PISOS",2,60,"10693",T,2000,"ENSAMBLE2"
25/04/2017,"PISOS",2,56,"12647",T,2000,"ENSAMBLE2"
25/04/2017,"PISOS",2,27,"14076",T,2000,"ENSAMBLE2"
25/04/2017,"PISOS",2,10,"14862",T,2000,"ENSAMBLE2"
25/04/2017,"PISOS",2,167,"18320",T,2000,"ENSAMBLE2"
25/04/2017,"PISOS",2,22,"75015",T,2000,"ENSAMBLE2"
25/04/2017,"PISOS",2,31,"783",T,2000,"ENSAMBLE2"
25/04/2017,"PISOS",2,10,"95081",T,2000,"ENSAMBLE2"
26/04/2017,"PISOS",2,73,"10302",T,2000,"ENSAMBLE2"
26/04/2017,"PISOS",2,37,"10554",T,2000,"ENSAMBLE2"
26/04/2017,"PISOS",2,267,"10556",T,2000,"ENSAMBLE2"
26/04/2017,"PISOS",2,547,"10673",T,2000,"ENSAMBLE2"
26/04/2017,"PISOS",2,152,"14076",T,2000,"ENSAMBLE2"
26/04/2017,"PISOS",2,19,"14862",T,2000,"ENSAMBLE2"
26/04/2017,"PISOS",2,169,"1645",T,2000,"ENSAMBLE2"
26/04/2017,"PISOS",2,27,"18320",T,2000,"ENSAMBLE2"
26/04/2017,"PISOS",2,158,"50011",T,2000,"ENSAMBLE2"
26/04/2017,"PISOS",2,536,"75015",T,2000,"ENSAMBLE2"
26/04/2017,"PISOS",2,56,"90081",T,2000,"ENSAMBLE2"
27/04/2017,"PISOS",2,147,"10556",T,2000,"ENSAMBLE2"
27/04/2017,"PISOS",2,63,"10673",T,2000,"ENSAMBLE2"
27/04/2017,"PISOS",2,60,"12161",T,2000,"ENSAMBLE2"
27/04/2017,"PISOS",2,12,"14076",T,2000,"ENSAMBLE2"
27/04/2017,"PISOS",2,16,"1645",T,2000,"ENSAMBLE2"
27/04/2017,"PISOS",2,174,"18311",T,2000,"ENSAMBLE2"
27/04/2017,"PISOS",2,202,"18314",T,2000,"ENSAMBLE2"
27/04/2017,"PISOS",2,229,"50011",T,2000,"ENSAMBLE2"
27/04/2017,"PISOS",2,38,"6686",T,2000,"ENSAMBLE2"
27/04/2017,"PISOS",2,39,"75015",T,2000,"ENSAMBLE2"
28/04/2017,"PISOS",2,211,"10554",T,2000,"ENSAMBLE2"
28/04/2017,"PISOS",2,131,"10556",T,2000,"ENSAMBLE2"
28/04/2017,"PISOS",2,78,"10699",T,2000,"ENSAMBLE2"
28/04/2017,"PISOS",2,50,"10709",T,2000,"ENSAMBLE2"
28/04/2017,"PISOS",2,24,"11974",T,2000,"ENSAMBLE2"
28/04/2017,"PISOS",2,12,"12161",T,2000,"ENSAMBLE2"
28/04/2017,"PISOS",2,33,"18311",T,2000,"ENSAMBLE2"
28/04/2017,"PISOS",2,38,"18314",T,2000,"ENSAMBLE2"
28/04/2017,"PISOS",2,137,"2052",T,2000,"ENSAMBLE2"
28/04/2017,"PISOS",2,541,"60251",T,2000,"ENSAMBLE2"
28/04/2017,"PISOS",2,10,"6686",T,2000,"ENSAMBLE2"
28/04/2017,"PISOS",2,239,"90081",T,2000,"ENSAMBLE2"
29/04/2017,"PISOS",2,192,"10302",T,1000,"ENSAMBLE2"
29/04/2017,"PISOS",2,73,"10556",T,1000,"ENSAMBLE2"
29/04/2017,"PISOS",2,78,"10699",T,1000,"ENSAMBLE2"
29/04/2017,"PISOS",2,7,"10709",T,1000,"ENSAMBLE2"
29/04/2017,"PISOS",2,14,"14076",T,1000,"ENSAMBLE2"
29/04/2017,"PISOS",2,35,"18311",T,1000,"ENSAMBLE2"
29/04/2017,"PISOS",2,76,"2052",T,1000,"ENSAMBLE2"
29/04/2017,"PISOS",2,63,"60251",T,1000,"ENSAMBLE2"
29/04/2017,"PISOS",2,30,"90081",T,1000,"ENSAMBLE2"
29/04/2017,"PISOS",2,16,"95081",T,1000,"ENSAMBLE2"
02/05/2017,"PISOS",2,108,"10302",T,2000,"ENSAMBLE2"
02/05/2017,"PISOS",2,198,"10551",T,2000,"ENSAMBLE2"
02/05/2017,"PISOS",2,170,"10552",T,2000,"ENSAMBLE2"
02/05/2017,"PISOS",2,755,"10554",T,2000,"ENSAMBLE2"
02/05/2017,"PISOS",2,10,"10556",T,2000,"ENSAMBLE2"
02/05/2017,"PISOS",2,729,"10673",T,2000,"ENSAMBLE2"
02/05/2017,"PISOS",2,24,"10708",T,2000,"ENSAMBLE2"
02/05/2017,"PISOS",2,9,"10709",T,2000,"ENSAMBLE2"
02/05/2017,"PISOS",2,93,"18299",T,2000,"ENSAMBLE2"
02/05/2017,"PISOS",2,176,"18314",T,2000,"ENSAMBLE2"
02/05/2017,"PISOS",2,27,"2052",T,2000,"ENSAMBLE2"
02/05/2017,"PISOS",2,10,"6686",T,2000,"ENSAMBLE2"
02/05/2017,"PISOS",2,145,"90083",T,2000,"ENSAMBLE2"
02/05/2017,"PISOS",2,59,"95081",T,2000,"ENSAMBLE2"
03/05/2017,"PISOS",2,20,"10551",T,2000,"ENSAMBLE2"
03/05/2017,"PISOS",2,60,"10552",T,2000,"ENSAMBLE2"
03/05/2017,"PISOS",2,159,"10554",T,2000,"ENSAMBLE2"
03/05/2017,"PISOS",2,89,"10673",T,2000,"ENSAMBLE2"
03/05/2017,"PISOS",2,187,"11077",T,2000,"ENSAMBLE2"
03/05/2017,"PISOS",2,196,"11131",T,2000,"ENSAMBLE2"
03/05/2017,"PISOS",2,207,"11974",T,2000,"ENSAMBLE2"
03/05/2017,"PISOS",2,141,"12984",T,2000,"ENSAMBLE2"
03/05/2017,"PISOS",2,27,"18299",T,2000,"ENSAMBLE2"
03/05/2017,"PISOS",2,24,"18314",T,2000,"ENSAMBLE2"
03/05/2017,"PISOS",2,138,"18320",T,2000,"ENSAMBLE2"
03/05/2017,"PISOS",2,309,"50013",T,2000,"ENSAMBLE2"
03/05/2017,"PISOS",2,23,"90083",T,2000,"ENSAMBLE2"
03/05/2017,"PISOS",2,224,"95042",T,2000,"ENSAMBLE2"
03/05/2017,"PISOS",2,26,"95081",T,2000,"ENSAMBLE2"
06/04/2017,"PLANTAS",1,96,"10552",T,4000,"PLANTAS1"
06/04/2017,"PLANTAS",1,812,"10673",T,4000,"PLANTAS1"
06/04/2017,"PLANTAS",1,10,"11571",T,4000,"PLANTAS1"
06/04/2017,"PLANTAS",1,68,"12647",T,4000,"PLANTAS1"
06/04/2017,"PLANTAS",1,467,"1525",T,4000,"PLANTAS1"
06/04/2017,"PLANTAS",1,158,"18298",T,4000,"PLANTAS1"
06/04/2017,"PLANTAS",1,93,"40803",T,4000,"PLANTAS1"
06/04/2017,"PLANTAS",1,48,"50011",T,4000,"PLANTAS1"
06/04/2017,"PLANTAS",1,207,"554",T,4000,"PLANTAS1"
06/04/2017,"PLANTAS",1,109,"60254",T,4000,"PLANTAS1"
06/04/2017,"PLANTAS",1,89,"6686",T,4000,"PLANTAS1"
06/04/2017,"PLANTAS",1,161,"75015",T,4000,"PLANTAS1"
06/04/2017,"PLANTAS",1,353,"8043",T,4000,"PLANTAS1"
06/04/2017,"PLANTAS",1,200,"8060",T,4000,"PLANTAS1"
07/04/2017,"PLANTAS",1,190,"10300",T,4000,"PLANTAS1"
07/04/2017,"PLANTAS",1,310,"10673",T,4000,"PLANTAS1"
07/04/2017,"PLANTAS",1,104,"10709",T,4000,"PLANTAS1"
07/04/2017,"PLANTAS",1,7,"11123",T,4000,"PLANTAS1"
07/04/2017,"PLANTAS",1,176,"11974",T,4000,"PLANTAS1"
07/04/2017,"PLANTAS",1,17,"14862",T,4000,"PLANTAS1"
07/04/2017,"PLANTAS",1,31,"1525",T,4000,"PLANTAS1"
07/04/2017,"PLANTAS",1,200,"1645",T,4000,"PLANTAS1"
07/04/2017,"PLANTAS",1,128,"18298",T,4000,"PLANTAS1"
07/04/2017,"PLANTAS",1,63,"18311",T,4000,"PLANTAS1"
07/04/2017,"PLANTAS",1,450,"18312",T,4000,"PLANTAS1"
07/04/2017,"PLANTAS",1,12,"50011",T,4000,"PLANTAS1"
07/04/2017,"PLANTAS",1,33,"554",T,4000,"PLANTAS1"
07/04/2017,"PLANTAS",1,288,"60251",T,4000,"PLANTAS1"
07/04/2017,"PLANTAS",1,120,"75015",T,4000,"PLANTAS1"
07/04/2017,"PLANTAS",1,124,"783",T,4000,"PLANTAS1"
07/04/2017,"PLANTAS",1,47,"8043",T,4000,"PLANTAS1"
07/04/2017,"PLANTAS",1,36,"95081",T,4000,"PLANTAS1"
07/04/2017,"PLANTAS",1,22,"95082",T,4000,"PLANTAS1"
08/04/2017,"PLANTAS",1,10,"10300",T,2000,"PLANTAS1"
08/04/2017,"PLANTAS",1,167,"10302",T,2000,"PLANTAS1"
08/04/2017,"PLANTAS",1,143,"14862",T,2000,"PLANTAS1"
08/04/2017,"PLANTAS",1,426,"18311",T,2000,"PLANTAS1"
08/04/2017,"PLANTAS",1,179,"18318",T,2000,"PLANTAS1"
08/04/2017,"PLANTAS",1,10,"554",T,2000,"PLANTAS1"
17/04/2017,"PLANTAS",1,33,"10302",T,4000,"PLANTAS1"
17/04/2017,"PLANTAS",1,38,"10303",T,4000,"PLANTAS1"
17/04/2017,"PLANTAS",1,80,"10554",T,4000,"PLANTAS1"
17/04/2017,"PLANTAS",1,475,"10673",T,4000,"PLANTAS1"
17/04/2017,"PLANTAS",1,618,"10709",T,4000,"PLANTAS1"
17/04/2017,"PLANTAS",1,134,"11123",T,4000,"PLANTAS1"
17/04/2017,"PLANTAS",1,104,"11974",T,4000,"PLANTAS1"
17/04/2017,"PLANTAS",1,67,"13904",T,4000,"PLANTAS1"
17/04/2017,"PLANTAS",1,199,"13906",T,4000,"PLANTAS1"
17/04/2017,"PLANTAS",1,200,"14076",T,4000,"PLANTAS1"
17/04/2017,"PLANTAS",1,118,"18303",T,4000,"PLANTAS1"
17/04/2017,"PLANTAS",1,11,"18311",T,4000,"PLANTAS1"
17/04/2017,"PLANTAS",1,28,"18312",T,4000,"PLANTAS1"
17/04/2017,"PLANTAS",1,388,"18320",T,4000,"PLANTAS1"
17/04/2017,"PLANTAS",1,64,"30092",T,4000,"PLANTAS1"
17/04/2017,"PLANTAS",1,72,"30093",T,4000,"PLANTAS1"
17/04/2017,"PLANTAS",1,79,"30245",T,4000,"PLANTAS1"
17/04/2017,"PLANTAS",1,479,"40074",T,4000,"PLANTAS1"
17/04/2017,"PLANTAS",1,142,"40801",T,4000,"PLANTAS1"
17/04/2017,"PLANTAS",1,60,"40803",T,4000,"PLANTAS1"
17/04/2017,"PLANTAS",1,25,"50011",T,4000,"PLANTAS1"
17/04/2017,"PLANTAS",1,188,"554",T,4000,"PLANTAS1"
17/04/2017,"PLANTAS",1,26,"783",T,4000,"PLANTAS1"
17/04/2017,"PLANTAS",1,108,"90081",T,4000,"PLANTAS1"
17/04/2017,"PLANTAS",1,8,"95081",T,4000,"PLANTAS1"
18/04/2017,"PLANTAS",1,118,"10303",T,4000,"PLANTAS1"
18/04/2017,"PLANTAS",1,36,"10552",T,4000,"PLANTAS1"
18/04/2017,"PLANTAS",1,138,"10554",T,4000,"PLANTAS1"
18/04/2017,"PLANTAS",1,325,"10673",T,4000,"PLANTAS1"
18/04/2017,"PLANTAS",1,42,"10699",T,4000,"PLANTAS1"
18/04/2017,"PLANTAS",1,36,"11932",T,4000,"PLANTAS1"
18/04/2017,"PLANTAS",1,84,"12647",T,4000,"PLANTAS1"
18/04/2017,"PLANTAS",1,162,"1525",T,4000,"PLANTAS1"
18/04/2017,"PLANTAS",1,196,"18299",T,4000,"PLANTAS1"
18/04/2017,"PLANTAS",1,9,"18303",T,4000,"PLANTAS1"
18/04/2017,"PLANTAS",1,186,"18311",T,4000,"PLANTAS1"
18/04/2017,"PLANTAS",1,6,"18318",T,4000,"PLANTAS1"
18/04/2017,"PLANTAS",1,11,"18320",T,4000,"PLANTAS1"
18/04/2017,"PLANTAS",1,50,"554",T,4000,"PLANTAS1"
18/04/2017,"PLANTAS",1,374,"60251",T,4000,"PLANTAS1"
18/04/2017,"PLANTAS",1,150,"60253",T,4000,"PLANTAS1"
18/04/2017,"PLANTAS",1,113,"75015",T,4000,"PLANTAS1"
18/04/2017,"PLANTAS",1,13,"90078",T,4000,"PLANTAS1"
18/04/2017,"PLANTAS",1,61,"90084",T,4000,"PLANTAS1"
18/04/2017,"PLANTAS",1,198,"95082",T,4000,"PLANTAS1"
19/04/2017,"PLANTAS",1,44,"10303",T,4000,"PLANTAS1"
19/04/2017,"PLANTAS",1,20,"10554",T,4000,"PLANTAS1"
19/04/2017,"PLANTAS",1,59,"10673",T,4000,"PLANTAS1"
19/04/2017,"PLANTAS",1,6,"10699",T,4000,"PLANTAS1"
19/04/2017,"PLANTAS",1,10,"10709",T,4000,"PLANTAS1"
19/04/2017,"PLANTAS",1,45,"11077",T,4000,"PLANTAS1"
19/04/2017,"PLANTAS",1,37,"11571",T,4000,"PLANTAS1"
19/04/2017,"PLANTAS",1,100,"11932",T,4000,"PLANTAS1"
19/04/2017,"PLANTAS",1,60,"11977",T,4000,"PLANTAS1"
19/04/2017,"PLANTAS",1,42,"12647",T,4000,"PLANTAS1"
19/04/2017,"PLANTAS",1,538,"1525",T,4000,"PLANTAS1"
19/04/2017,"PLANTAS",1,102,"18299",T,4000,"PLANTAS1"
19/04/2017,"PLANTAS",1,100,"18311",T,4000,"PLANTAS1"
19/04/2017,"PLANTAS",1,589,"18312",T,4000,"PLANTAS1"
19/04/2017,"PLANTAS",1,12,"18318",T,4000,"PLANTAS1"
19/04/2017,"PLANTAS",1,25,"30245",T,4000,"PLANTAS1"
19/04/2017,"PLANTAS",1,12,"554",T,4000,"PLANTAS1"
19/04/2017,"PLANTAS",1,126,"60251",T,4000,"PLANTAS1"
19/04/2017,"PLANTAS",1,22,"75015",T,4000,"PLANTAS1"
19/04/2017,"PLANTAS",1,145,"8044",T,4000,"PLANTAS1"
19/04/2017,"PLANTAS",1,23,"90078",T,4000,"PLANTAS1"
19/04/2017,"PLANTAS",1,11,"90084",T,4000,"PLANTAS1"
19/04/2017,"PLANTAS",1,108,"95042",T,4000,"PLANTAS1"
19/04/2017,"PLANTAS",1,50,"P5101",T,4000,"PLANTAS1"
20/04/2017,"PLANTAS",1,180,"10303",T,4000,"PLANTAS1"
20/04/2017,"PLANTAS",1,25,"10552",T,4000,"PLANTAS1"
20/04/2017,"PLANTAS",1,741,"10673",T,4000,"PLANTAS1"
20/04/2017,"PLANTAS",1,18,"10709",T,4000,"PLANTAS1"
20/04/2017,"PLANTAS",1,44,"11123",T,4000,"PLANTAS1"
20/04/2017,"PLANTAS",1,61,"13584",T,4000,"PLANTAS1"
20/04/2017,"PLANTAS",1,73,"17011",T,4000,"PLANTAS1"
20/04/2017,"PLANTAS",1,229,"17012",T,4000,"PLANTAS1"
20/04/2017,"PLANTAS",1,10,"17014",T,4000,"PLANTAS1"
20/04/2017,"PLANTAS",1,62,"18303",T,4000,"PLANTAS1"
20/04/2017,"PLANTAS",1,14,"18311",T,4000,"PLANTAS1"
20/04/2017,"PLANTAS",1,111,"18312",T,4000,"PLANTAS1"
20/04/2017,"PLANTAS",1,40,"2052",T,4000,"PLANTAS1"
20/04/2017,"PLANTAS",1,293,"30022",T,4000,"PLANTAS1"
20/04/2017,"PLANTAS",1,32,"40071",T,4000,"PLANTAS1"
20/04/2017,"PLANTAS",1,68,"40074",T,4000,"PLANTAS1"
20/04/2017,"PLANTAS",1,23,"50011",T,4000,"PLANTAS1"
20/04/2017,"PLANTAS",1,225,"550",T,4000,"PLANTAS1"
20/04/2017,"PLANTAS",1,19,"60251",T,4000,"PLANTAS1"
20/04/2017,"PLANTAS",1,51,"8044",T,4000,"PLANTAS1"
20/04/2017,"PLANTAS",1,40,"9167",T,4000,"PLANTAS1"
20/04/2017,"PLANTAS",1,209,"9169",T,4000,"PLANTAS1"
21/04/2017,"PLANTAS",1,282,"10300",T,4000,"PLANTAS1"
21/04/2017,"PLANTAS",1,20,"10303",T,4000,"PLANTAS1"
21/04/2017,"PLANTAS",1,12,"10552",T,4000,"PLANTAS1"
21/04/2017,"PLANTAS",1,616,"10673",T,4000,"PLANTAS1"
21/04/2017,"PLANTAS",1,52,"10700",T,4000,"PLANTAS1"
21/04/2017,"PLANTAS",1,30,"11123",T,4000,"PLANTAS1"
21/04/2017,"PLANTAS",1,737,"1525",T,4000,"PLANTAS1"
21/04/2017,"PLANTAS",1,65,"18298",T,4000,"PLANTAS1"
21/04/2017,"PLANTAS",1,195,"18311",T,4000,"PLANTAS1"
21/04/2017,"PLANTAS",1,40,"18314",T,4000,"PLANTAS1"
21/04/2017,"PLANTAS",1,418,"60251",T,4000,"PLANTAS1"
21/04/2017,"PLANTAS",1,16,"90083",T,4000,"PLANTAS1"
21/04/2017,"PLANTAS",1,21,"9169",T,4000,"PLANTAS1"
22/04/2017,"PLANTAS",1,25,"10302",T,2000,"PLANTAS1"
22/04/2017,"PLANTAS",1,12,"10552",T,2000,"PLANTAS1"
22/04/2017,"PLANTAS",1,531,"10673",T,2000,"PLANTAS1"
22/04/2017,"PLANTAS",1,62,"10693",T,2000,"PLANTAS1"
22/04/2017,"PLANTAS",1,36,"10708",T,2000,"PLANTAS1"
22/04/2017,"PLANTAS",1,12,"11571",T,2000,"PLANTAS1"
22/04/2017,"PLANTAS",1,37,"12647",T,2000,"PLANTAS1"
22/04/2017,"PLANTAS",1,36,"13904",T,2000,"PLANTAS1"
22/04/2017,"PLANTAS",1,196,"14076",T,2000,"PLANTAS1"
22/04/2017,"PLANTAS",1,51,"1525",T,2000,"PLANTAS1"
22/04/2017,"PLANTAS",1,11,"18298",T,2000,"PLANTAS1"
22/04/2017,"PLANTAS",1,383,"18320",T,2000,"PLANTAS1"
22/04/2017,"PLANTAS",1,78,"30093",T,2000,"PLANTAS1"
22/04/2017,"PLANTAS",1,42,"40071",T,2000,"PLANTAS1"
22/04/2017,"PLANTAS",1,24,"40074",T,2000,"PLANTAS1"
22/04/2017,"PLANTAS",1,36,"40802",T,2000,"PLANTAS1"
22/04/2017,"PLANTAS",1,15,"550",T,2000,"PLANTAS1"
22/04/2017,"PLANTAS",1,9,"75015",T,2000,"PLANTAS1"
22/04/2017,"PLANTAS",1,40,"90083",T,2000,"PLANTAS1"
22/04/2017,"PLANTAS",1,10,"9169",T,2000,"PLANTAS1"
24/04/2017,"PLANTAS",1,18,"10300",T,4000,"PLANTAS1"
24/04/2017,"PLANTAS",1,48,"10554",T,4000,"PLANTAS1"
24/04/2017,"PLANTAS",1,864,"10673",T,4000,"PLANTAS1"
24/04/2017,"PLANTAS",1,24,"10693",T,4000,"PLANTAS1"
24/04/2017,"PLANTAS",1,56,"11123",T,4000,"PLANTAS1"
24/04/2017,"PLANTAS",1,36,"11933",T,4000,"PLANTAS1"
24/04/2017,"PLANTAS",1,62,"12161",T,4000,"PLANTAS1"
24/04/2017,"PLANTAS",1,10,"1525",T,4000,"PLANTAS1"
24/04/2017,"PLANTAS",1,14,"18298",T,4000,"PLANTAS1"
24/04/2017,"PLANTAS",1,735,"18312",T,4000,"PLANTAS1"
24/04/2017,"PLANTAS",1,17,"18320",T,4000,"PLANTAS1"
24/04/2017,"PLANTAS",1,104,"30022",T,4000,"PLANTAS1"
24/04/2017,"PLANTAS",1,511,"40074",T,4000,"PLANTAS1"
24/04/2017,"PLANTAS",1,55,"60251",T,4000,"PLANTAS1"
24/04/2017,"PLANTAS",1,32,"75015",T,4000,"PLANTAS1"
24/04/2017,"PLANTAS",1,387,"8043",T,4000,"PLANTAS1"
24/04/2017,"PLANTAS",1,200,"8060",T,4000,"PLANTAS1"
24/04/2017,"PLANTAS",1,40,"90081",T,4000,"PLANTAS1"
24/04/2017,"PLANTAS",1,34,"95081",T,4000,"PLANTAS1"
25/04/2017,"PLANTAS",1,175,"10302",T,4000,"PLANTAS1"
25/04/2017,"PLANTAS",1,683,"10556",T,4000,"PLANTAS1"
25/04/2017,"PLANTAS",1,80,"10673",T,4000,"PLANTAS1"
25/04/2017,"PLANTAS",1,196,"10693",T,4000,"PLANTAS1"
25/04/2017,"PLANTAS",1,6,"11123",T,4000,"PLANTAS1"
25/04/2017,"PLANTAS",1,10,"12161",T,4000,"PLANTAS1"
25/04/2017,"PLANTAS",1,19,"12647",T,4000,"PLANTAS1"
25/04/2017,"PLANTAS",1,397,"1525",T,4000,"PLANTAS1"
25/04/2017,"PLANTAS",1,10,"18298",T,4000,"PLANTAS1"
25/04/2017,"PLANTAS",1,41,"30021",T,4000,"PLANTAS1"
25/04/2017,"PLANTAS",1,10,"30022",T,4000,"PLANTAS1"
25/04/2017,"PLANTAS",1,363,"40074",T,4000,"PLANTAS1"
25/04/2017,"PLANTAS",1,43,"60251",T,4000,"PLANTAS1"
25/04/2017,"PLANTAS",1,897,"75015",T,4000,"PLANTAS1"
25/04/2017,"PLANTAS",1,20,"90081",T,4000,"PLANTAS1"
25/04/2017,"PLANTAS",1,6,"9167",T,4000,"PLANTAS1"
25/04/2017,"PLANTAS",1,8,"95081",T,4000,"PLANTAS1"
26/04/2017,"PLANTAS",1,31,"10302",T,4000,"PLANTAS1"
26/04/2017,"PLANTAS",1,590,"10556",T,4000,"PLANTAS1"
26/04/2017,"PLANTAS",1,573,"10673",T,4000,"PLANTAS1"
26/04/2017,"PLANTAS",1,156,"10693",T,4000,"PLANTAS1"
26/04/2017,"PLANTAS",1,166,"14076",T,4000,"PLANTAS1"
26/04/2017,"PLANTAS",1,54,"18312",T,4000,"PLANTAS1"
26/04/2017,"PLANTAS",1,7,"30021",T,4000,"PLANTAS1"
26/04/2017,"PLANTAS",1,103,"40074",T,4000,"PLANTAS1"
26/04/2017,"PLANTAS",1,33,"554",T,4000,"PLANTAS1"
26/04/2017,"PLANTAS",1,567,"75015",T,4000,"PLANTAS1"
26/04/2017,"PLANTAS",1,234,"9167",T,4000,"PLANTAS1"
27/04/2017,"PLANTAS",1,100,"10300",T,4000,"PLANTAS1"
27/04/2017,"PLANTAS",1,37,"10554",T,4000,"PLANTAS1"
27/04/2017,"PLANTAS",1,55,"10556",T,4000,"PLANTAS1"
27/04/2017,"PLANTAS",1,29,"10673",T,4000,"PLANTAS1"
27/04/2017,"PLANTAS",1,15,"10693",T,4000,"PLANTAS1"
27/04/2017,"PLANTAS",1,969,"12647",T,4000,"PLANTAS1"
27/04/2017,"PLANTAS",1,12,"14076",T,4000,"PLANTAS1"
27/04/2017,"PLANTAS",1,209,"1525",T,4000,"PLANTAS1"
27/04/2017,"PLANTAS",1,234,"18311",T,4000,"PLANTAS1"
27/04/2017,"PLANTAS",1,240,"18314",T,4000,"PLANTAS1"
27/04/2017,"PLANTAS",1,194,"18320",T,4000,"PLANTAS1"
27/04/2017,"PLANTAS",1,387,"50011",T,4000,"PLANTAS1"
27/04/2017,"PLANTAS",1,29,"75015",T,4000,"PLANTAS1"
27/04/2017,"PLANTAS",1,56,"90081",T,4000,"PLANTAS1"
28/04/2017,"PLANTAS",1,100,"10300",T,4000,"PLANTAS1"
28/04/2017,"PLANTAS",1,54,"10303",T,4000,"PLANTAS1"
28/04/2017,"PLANTAS",1,314,"10556",T,4000,"PLANTAS1"
28/04/2017,"PLANTAS",1,280,"10673",T,4000,"PLANTAS1"
28/04/2017,"PLANTAS",1,142,"10699",T,4000,"PLANTAS1"
28/04/2017,"PLANTAS",1,46,"10709",T,4000,"PLANTAS1"
28/04/2017,"PLANTAS",1,312,"11932",T,4000,"PLANTAS1"
28/04/2017,"PLANTAS",1,24,"11974",T,4000,"PLANTAS1"
28/04/2017,"PLANTAS",1,276,"12647",T,4000,"PLANTAS1"
28/04/2017,"PLANTAS",1,29,"14862",T,4000,"PLANTAS1"
28/04/2017,"PLANTAS",1,190,"1525",T,4000,"PLANTAS1"
28/04/2017,"PLANTAS",1,167,"1645",T,4000,"PLANTAS1"
28/04/2017,"PLANTAS",1,8,"18311",T,4000,"PLANTAS1"
28/04/2017,"PLANTAS",1,234,"2052",T,4000,"PLANTAS1"
28/04/2017,"PLANTAS",1,16,"40074",T,4000,"PLANTAS1"
28/04/2017,"PLANTAS",1,11,"554",T,4000,"PLANTAS1"
28/04/2017,"PLANTAS",1,576,"60251",T,4000,"PLANTAS1"
28/04/2017,"PLANTAS",1,51,"6686",T,4000,"PLANTAS1"
28/04/2017,"PLANTAS",1,31,"783",T,4000,"PLANTAS1"
29/04/2017,"PLANTAS",1,146,"10303",T,2000,"PLANTAS1"
29/04/2017,"PLANTAS",1,391,"10554",T,2000,"PLANTAS1"
29/04/2017,"PLANTAS",1,580,"10673",T,2000,"PLANTAS1"
29/04/2017,"PLANTAS",1,92,"18299",T,2000,"PLANTAS1"
29/04/2017,"PLANTAS",1,64,"18318",T,2000,"PLANTAS1"
29/04/2017,"PLANTAS",1,6,"2052",T,2000,"PLANTAS1"
29/04/2017,"PLANTAS",1,14,"60251",T,2000,"PLANTAS1"
29/04/2017,"PLANTAS",1,7,"6686",T,2000,"PLANTAS1"
29/04/2017,"PLANTAS",1,392,"8043",T,2000,"PLANTAS1"
29/04/2017,"PLANTAS",1,200,"8060",T,2000,"PLANTAS1"
02/05/2017,"PLANTAS",1,269,"10302",T,4000,"PLANTAS1"
02/05/2017,"PLANTAS",1,709,"10554",T,4000,"PLANTAS1"
02/05/2017,"PLANTAS",1,24,"10556",T,4000,"PLANTAS1"
02/05/2017,"PLANTAS",1,20,"10709",T,4000,"PLANTAS1"
02/05/2017,"PLANTAS",1,406,"11123",T,4000,"PLANTAS1"
02/05/2017,"PLANTAS",1,18,"1645",T,4000,"PLANTAS1"
02/05/2017,"PLANTAS",1,8,"18299",T,4000,"PLANTAS1"
02/05/2017,"PLANTAS",1,781,"18312",T,4000,"PLANTAS1"
02/05/2017,"PLANTAS",1,200,"18314",T,4000,"PLANTAS1"
02/05/2017,"PLANTAS",1,35,"18318",T,4000,"PLANTAS1"
02/05/2017,"PLANTAS",1,198,"30022",T,4000,"PLANTAS1"
02/05/2017,"PLANTAS",1,14,"60251",T,4000,"PLANTAS1"
02/05/2017,"PLANTAS",1,200,"8044",T,4000,"PLANTAS1"
02/05/2017,"PLANTAS",1,269,"90081",T,4000,"PLANTAS1"
02/05/2017,"PLANTAS",1,158,"90083",T,4000,"PLANTAS1"
02/05/2017,"PLANTAS",1,241,"95042",T,4000,"PLANTAS1"
02/05/2017,"PLANTAS",1,115,"95081",T,4000,"PLANTAS1"
03/05/2017,"PLANTAS",1,200,"10300",T,4000,"PLANTAS1"
03/05/2017,"PLANTAS",1,173,"10303",T,4000,"PLANTAS1"
03/05/2017,"PLANTAS",1,182,"10551",T,4000,"PLANTAS1"
03/05/2017,"PLANTAS",1,85,"10554",T,4000,"PLANTAS1"
03/05/2017,"PLANTAS",1,482,"10673",T,4000,"PLANTAS1"
03/05/2017,"PLANTAS",1,14,"10699",T,4000,"PLANTAS1"
03/05/2017,"PLANTAS",1,450,"11123",T,4000,"PLANTAS1"
03/05/2017,"PLANTAS",1,27,"11571",T,4000,"PLANTAS1"
03/05/2017,"PLANTAS",1,10,"11932",T,4000,"PLANTAS1"
03/05/2017,"PLANTAS",1,36,"12647",T,4000,"PLANTAS1"
03/05/2017,"PLANTAS",1,11,"18312",T,4000,"PLANTAS1"
03/05/2017,"PLANTAS",1,36,"20003",T,4000,"PLANTAS1"
03/05/2017,"PLANTAS",1,276,"30022",T,4000,"PLANTAS1"
03/05/2017,"PLANTAS",1,134,"30093",T,4000,"PLANTAS1"
03/05/2017,"PLANTAS",1,84,"40801",T,4000,"PLANTAS1"
03/05/2017,"PLANTAS",1,19,"60251",T,4000,"PLANTAS1"
03/05/2017,"PLANTAS",1,10,"75015",T,4000,"PLANTAS1"
03/05/2017,"PLANTAS",1,150,"783",T,4000,"PLANTAS1"
03/05/2017,"PLANTAS",1,10,"90083",T,4000,"PLANTAS1"
03/05/2017,"PLANTAS",1,74,"95081",T,4000,"PLANTAS1"
06/04/2017,"PREPARADO",1,200,"10300",T,4000,"PREPARADO1"
06/04/2017,"PREPARADO",1,48,"10699",T,4000,"PREPARADO1"
06/04/2017,"PREPARADO",1,45,"11077",T,4000,"PREPARADO1"
06/04/2017,"PREPARADO",1,131,"11123",T,4000,"PREPARADO1"
06/04/2017,"PREPARADO",1,60,"11932",T,4000,"PREPARADO1"
06/04/2017,"PREPARADO",1,199,"13906",T,4000,"PREPARADO1"
06/04/2017,"PREPARADO",1,200,"14076",T,4000,"PREPARADO1"
06/04/2017,"PREPARADO",1,150,"14862",T,4000,"PREPARADO1"
06/04/2017,"PREPARADO",1,151,"18299",T,4000,"PREPARADO1"
06/04/2017,"PREPARADO",1,500,"18311",T,4000,"PREPARADO1"
06/04/2017,"PREPARADO",1,96,"18312",T,4000,"PREPARADO1"
06/04/2017,"PREPARADO",1,43,"18318",T,4000,"PREPARADO1"
06/04/2017,"PREPARADO",1,104,"30245",T,4000,"PREPARADO1"
06/04/2017,"PREPARADO",1,12,"60251",T,4000,"PREPARADO1"
06/04/2017,"PREPARADO",1,150,"783",T,4000,"PREPARADO1"
06/04/2017,"PREPARADO",1,30,"8060",T,4000,"PREPARADO1"
06/04/2017,"PREPARADO",1,36,"90078",T,4000,"PREPARADO1"
06/04/2017,"PREPARADO",1,44,"95081",T,4000,"PREPARADO1"
06/04/2017,"PREPARADO",1,22,"95082",T,4000,"PREPARADO1"
07/04/2017,"PREPARADO",1,200,"10302",T,4000,"PREPARADO1"
07/04/2017,"PREPARADO",1,200,"10303",T,4000,"PREPARADO1"
07/04/2017,"PREPARADO",1,36,"10552",T,4000,"PREPARADO1"
07/04/2017,"PREPARADO",1,3,"11123",T,4000,"PREPARADO1"
07/04/2017,"PREPARADO",1,45,"11932",T,4000,"PREPARADO1"
07/04/2017,"PREPARADO",1,9,"12647",T,4000,"PREPARADO1"
07/04/2017,"PREPARADO",1,265,"1525",T,4000,"PREPARADO1"
07/04/2017,"PREPARADO",1,147,"18299",T,4000,"PREPARADO1"
07/04/2017,"PREPARADO",1,122,"18312",T,4000,"PREPARADO1"
07/04/2017,"PREPARADO",1,37,"18318",T,4000,"PREPARADO1"
07/04/2017,"PREPARADO",1,373,"18320",T,4000,"PREPARADO1"
07/04/2017,"PREPARADO",1,72,"30093",T,4000,"PREPARADO1"
07/04/2017,"PREPARADO",1,466,"40074",T,4000,"PREPARADO1"
07/04/2017,"PREPARADO",1,60,"40803",T,4000,"PREPARADO1"
07/04/2017,"PREPARADO",1,250,"554",T,4000,"PREPARADO1"
07/04/2017,"PREPARADO",1,113,"75015",T,4000,"PREPARADO1"
07/04/2017,"PREPARADO",1,108,"90081",T,4000,"PREPARADO1"
07/04/2017,"PREPARADO",1,36,"90084",T,4000,"PREPARADO1"
08/04/2017,"PREPARADO",1,226,"10554",T,2000,"PREPARADO1"
08/04/2017,"PREPARADO",1,469,"10709",T,2000,"PREPARADO1"
08/04/2017,"PREPARADO",1,84,"12647",T,2000,"PREPARADO1"
08/04/2017,"PREPARADO",1,67,"13904",T,2000,"PREPARADO1"
08/04/2017,"PREPARADO",1,388,"1525",T,2000,"PREPARADO1"
08/04/2017,"PREPARADO",1,174,"18303",T,2000,"PREPARADO1"
08/04/2017,"PREPARADO",1,541,"18312",T,2000,"PREPARADO1"
08/04/2017,"PREPARADO",1,26,"18320",T,2000,"PREPARADO1"
08/04/2017,"PREPARADO",1,246,"20081",T,2000,"PREPARADO1"
08/04/2017,"PREPARADO",1,13,"40074",T,2000,"PREPARADO1"
08/04/2017,"PREPARADO",1,240,"550",T,2000,"PREPARADO1"
08/04/2017,"PREPARADO",1,125,"60253",T,2000,"PREPARADO1"
08/04/2017,"PREPARADO",1,108,"9167",T,2000,"PREPARADO1"
08/04/2017,"PREPARADO",1,240,"9169",T,2000,"PREPARADO1"
08/04/2017,"PREPARADO",1,173,"95082",T,2000,"PREPARADO1"
17/04/2017,"PREPARADO",1,161,"10303",T,4000,"PREPARADO1"
17/04/2017,"PREPARADO",1,12,"10554",T,4000,"PREPARADO1"
17/04/2017,"PREPARADO",1,826,"10673",T,4000,"PREPARADO1"
17/04/2017,"PREPARADO",1,143,"10709",T,4000,"PREPARADO1"
17/04/2017,"PREPARADO",1,74,"11123",T,4000,"PREPARADO1"
17/04/2017,"PREPARADO",1,31,"11932",T,4000,"PREPARADO1"
17/04/2017,"PREPARADO",1,60,"11977",T,4000,"PREPARADO1"
17/04/2017,"PREPARADO",1,61,"13584",T,4000,"PREPARADO1"
17/04/2017,"PREPARADO",1,47,"1525",T,4000,"PREPARADO1"
17/04/2017,"PREPARADO",1,10,"18303",T,4000,"PREPARADO1"
17/04/2017,"PREPARADO",1,37,"18312",T,4000,"PREPARADO1"
17/04/2017,"PREPARADO",1,71,"20021",T,4000,"PREPARADO1"
17/04/2017,"PREPARADO",1,176,"30022",T,4000,"PREPARADO1"
17/04/2017,"PREPARADO",1,64,"30092",T,4000,"PREPARADO1"
17/04/2017,"PREPARADO",1,142,"40801",T,4000,"PREPARADO1"
17/04/2017,"PREPARADO",1,437,"60251",T,4000,"PREPARADO1"
17/04/2017,"PREPARADO",1,25,"60253",T,4000,"PREPARADO1"
17/04/2017,"PREPARADO",1,50,"8044",T,4000,"PREPARADO1"
17/04/2017,"PREPARADO",1,36,"90084",T,4000,"PREPARADO1"
17/04/2017,"PREPARADO",1,132,"9167",T,4000,"PREPARADO1"
17/04/2017,"PREPARADO",1,84,"95042",T,4000,"PREPARADO1"
17/04/2017,"PREPARADO",1,25,"95082",T,4000,"PREPARADO1"
18/04/2017,"PREPARADO",1,39,"10303",T,4000,"PREPARADO1"
18/04/2017,"PREPARADO",1,25,"10552",T,4000,"PREPARADO1"
18/04/2017,"PREPARADO",1,34,"10673",T,4000,"PREPARADO1"
18/04/2017,"PREPARADO",1,37,"11571",T,4000,"PREPARADO1"
18/04/2017,"PREPARADO",1,42,"12647",T,4000,"PREPARADO1"
18/04/2017,"PREPARADO",1,694,"1525",T,4000,"PREPARADO1"
18/04/2017,"PREPARADO",1,5,"18303",T,4000,"PREPARADO1"
18/04/2017,"PREPARADO",1,436,"18311",T,4000,"PREPARADO1"
18/04/2017,"PREPARADO",1,60,"20023",T,4000,"PREPARADO1"
18/04/2017,"PREPARADO",1,32,"2052",T,4000,"PREPARADO1"
18/04/2017,"PREPARADO",1,117,"30022",T,4000,"PREPARADO1"
18/04/2017,"PREPARADO",1,32,"40071",T,4000,"PREPARADO1"
18/04/2017,"PREPARADO",1,23,"50011",T,4000,"PREPARADO1"
18/04/2017,"PREPARADO",1,574,"60251",T,4000,"PREPARADO1"
18/04/2017,"PREPARADO",1,22,"75015",T,4000,"PREPARADO1"
18/04/2017,"PREPARADO",1,146,"8044",T,4000,"PREPARADO1"
18/04/2017,"PREPARADO",1,24,"95042",T,4000,"PREPARADO1"
19/04/2017,"PREPARADO",1,300,"10300",T,4000,"PREPARADO1"
19/04/2017,"PREPARADO",1,24,"10552",T,4000,"PREPARADO1"
19/04/2017,"PREPARADO",1,48,"10554",T,4000,"PREPARADO1"
19/04/2017,"PREPARADO",1,1022,"10673",T,4000,"PREPARADO1"
19/04/2017,"PREPARADO",1,52,"10700",T,4000,"PREPARADO1"
19/04/2017,"PREPARADO",1,62,"11123",T,4000,"PREPARADO1"
19/04/2017,"PREPARADO",1,12,"11571",T,4000,"PREPARADO1"
19/04/2017,"PREPARADO",1,36,"13904",T,4000,"PREPARADO1"
19/04/2017,"PREPARADO",1,81,"1525",T,4000,"PREPARADO1"
19/04/2017,"PREPARADO",1,100,"18298",T,4000,"PREPARADO1"
19/04/2017,"PREPARADO",1,59,"18311",T,4000,"PREPARADO1"
19/04/2017,"PREPARADO",1,400,"18320",T,4000,"PREPARADO1"
19/04/2017,"PREPARADO",1,8,"2052",T,4000,"PREPARADO1"
19/04/2017,"PREPARADO",1,36,"30021",T,4000,"PREPARADO1"
19/04/2017,"PREPARADO",1,78,"30093",T,4000,"PREPARADO1"
19/04/2017,"PREPARADO",1,42,"40071",T,4000,"PREPARADO1"
19/04/2017,"PREPARADO",1,92,"40074",T,4000,"PREPARADO1"
19/04/2017,"PREPARADO",1,36,"40802",T,4000,"PREPARADO1"
19/04/2017,"PREPARADO",1,24,"60251",T,4000,"PREPARADO1"
19/04/2017,"PREPARADO",1,139,"8043",T,4000,"PREPARADO1"
19/04/2017,"PREPARADO",1,60,"90081",T,4000,"PREPARADO1"
19/04/2017,"PREPARADO",1,56,"90083",T,4000,"PREPARADO1"
20/04/2017,"PREPARADO",1,200,"10302",T,4000,"PREPARADO1"
20/04/2017,"PREPARADO",1,245,"10556",T,4000,"PREPARADO1"
20/04/2017,"PREPARADO",1,866,"10673",T,4000,"PREPARADO1"
20/04/2017,"PREPARADO",1,60,"10693",T,4000,"PREPARADO1"
20/04/2017,"PREPARADO",1,36,"10708",T,4000,"PREPARADO1"
20/04/2017,"PREPARADO",1,24,"11933",T,4000,"PREPARADO1"
20/04/2017,"PREPARADO",1,60,"12161",T,4000,"PREPARADO1"
20/04/2017,"PREPARADO",1,56,"12647",T,4000,"PREPARADO1"
20/04/2017,"PREPARADO",1,196,"14076",T,4000,"PREPARADO1"
20/04/2017,"PREPARADO",1,23,"1525",T,4000,"PREPARADO1"
20/04/2017,"PREPARADO",1,289,"18312",T,4000,"PREPARADO1"
20/04/2017,"PREPARADO",1,40,"18314",T,4000,"PREPARADO1"
20/04/2017,"PREPARADO",1,12,"30021",T,4000,"PREPARADO1"
20/04/2017,"PREPARADO",1,70,"75015",T,4000,"PREPARADO1"
20/04/2017,"PREPARADO",1,207,"8043",T,4000,"PREPARADO1"
20/04/2017,"PREPARADO",1,170,"8060",T,4000,"PREPARADO1"
20/04/2017,"PREPARADO",1,42,"95081",T,4000,"PREPARADO1"
21/04/2017,"PREPARADO",1,1042,"10556",T,4000,"PREPARADO1"
21/04/2017,"PREPARADO",1,957,"10673",T,4000,"PREPARADO1"
21/04/2017,"PREPARADO",1,36,"10693",T,4000,"PREPARADO1"
21/04/2017,"PREPARADO",1,12,"11933",T,4000,"PREPARADO1"
21/04/2017,"PREPARADO",1,12,"12161",T,4000,"PREPARADO1"
21/04/2017,"PREPARADO",1,500,"18312",T,4000,"PREPARADO1"
21/04/2017,"PREPARADO",1,103,"30022",T,4000,"PREPARADO1"
21/04/2017,"PREPARADO",1,607,"75015",T,4000,"PREPARADO1"
21/04/2017,"PREPARADO",1,41,"8043",T,4000,"PREPARADO1"
21/04/2017,"PREPARADO",1,30,"8060",T,4000,"PREPARADO1"
22/04/2017,"PREPARADO",1,200,"10300",T,2000,"PREPARADO1"
22/04/2017,"PREPARADO",1,70,"10556",T,2000,"PREPARADO1"
22/04/2017,"PREPARADO",1,29,"14862",T,2000,"PREPARADO1"
22/04/2017,"PREPARADO",1,99,"18320",T,2000,"PREPARADO1"
22/04/2017,"PREPARADO",1,11,"30022",T,2000,"PREPARADO1"
22/04/2017,"PREPARADO",1,745,"40074",T,2000,"PREPARADO1"
22/04/2017,"PREPARADO",1,298,"75015",T,2000,"PREPARADO1"
22/04/2017,"PREPARADO",1,31,"783",T,2000,"PREPARADO1"
24/04/2017,"PREPARADO",1,37,"10554",T,4000,"PREPARADO1"
24/04/2017,"PREPARADO",1,606,"10673",T,4000,"PREPARADO1"
24/04/2017,"PREPARADO",1,357,"10693",T,4000,"PREPARADO1"
24/04/2017,"PREPARADO",1,178,"14076",T,4000,"PREPARADO1"
24/04/2017,"PREPARADO",1,397,"1525",T,4000,"PREPARADO1"
24/04/2017,"PREPARADO",1,185,"1645",T,4000,"PREPARADO1"
24/04/2017,"PREPARADO",1,242,"18311",T,4000,"PREPARADO1"
24/04/2017,"PREPARADO",1,95,"18320",T,4000,"PREPARADO1"
24/04/2017,"PREPARADO",1,46,"20081",T,4000,"PREPARADO1"
24/04/2017,"PREPARADO",1,384,"30221",T,4000,"PREPARADO1"
24/04/2017,"PREPARADO",1,248,"40074",T,4000,"PREPARADO1"
24/04/2017,"PREPARADO",1,387,"50011",T,4000,"PREPARADO1"
24/04/2017,"PREPARADO",1,44,"554",T,4000,"PREPARADO1"
24/04/2017,"PREPARADO",1,58,"6686",T,4000,"PREPARADO1"
24/04/2017,"PREPARADO",1,559,"75015",T,4000,"PREPARADO1"
24/04/2017,"PREPARADO",1,56,"90081",T,4000,"PREPARADO1"
25/04/2017,"PREPARADO",1,300,"10302",T,4000,"PREPARADO1"
25/04/2017,"PREPARADO",1,346,"10556",T,4000,"PREPARADO1"
25/04/2017,"PREPARADO",1,156,"10699",T,4000,"PREPARADO1"
25/04/2017,"PREPARADO",1,24,"11974",T,4000,"PREPARADO1"
25/04/2017,"PREPARADO",1,1245,"12647",T,4000,"PREPARADO1"
25/04/2017,"PREPARADO",1,399,"1525",T,4000,"PREPARADO1"
25/04/2017,"PREPARADO",1,299,"18312",T,4000,"PREPARADO1"
25/04/2017,"PREPARADO",1,240,"18314",T,4000,"PREPARADO1"
26/04/2017,"PREPARADO",1,1023,"10554",T,4000,"PREPARADO1"
26/04/2017,"PREPARADO",1,66,"10709",T,4000,"PREPARADO1"
26/04/2017,"PREPARADO",1,136,"11932",T,4000,"PREPARADO1"
26/04/2017,"PREPARADO",1,100,"18299",T,4000,"PREPARADO1"
26/04/2017,"PREPARADO",1,493,"18312",T,4000,"PREPARADO1"
26/04/2017,"PREPARADO",1,99,"18318",T,4000,"PREPARADO1"
26/04/2017,"PREPARADO",1,240,"2052",T,4000,"PREPARADO1"
26/04/2017,"PREPARADO",1,592,"60251",T,4000,"PREPARADO1"
26/04/2017,"PREPARADO",1,178,"8043",T,4000,"PREPARADO1"
27/04/2017,"PREPARADO",1,200,"10303",T,4000,"PREPARADO1"
27/04/2017,"PREPARADO",1,144,"10554",T,4000,"PREPARADO1"
27/04/2017,"PREPARADO",1,830,"10673",T,4000,"PREPARADO1"
27/04/2017,"PREPARADO",1,24,"10708",T,4000,"PREPARADO1"
27/04/2017,"PREPARADO",1,573,"11077",T,4000,"PREPARADO1"
27/04/2017,"PREPARADO",1,782,"11123",T,4000,"PREPARADO1"
27/04/2017,"PREPARADO",1,144,"11932",T,4000,"PREPARADO1"
27/04/2017,"PREPARADO",1,200,"18314",T,4000,"PREPARADO1"
27/04/2017,"PREPARADO",1,16,"20021",T,4000,"PREPARADO1"
27/04/2017,"PREPARADO",1,22,"30221",T,4000,"PREPARADO1"
27/04/2017,"PREPARADO",1,271,"30222",T,4000,"PREPARADO1"
27/04/2017,"PREPARADO",1,12,"60251",T,4000,"PREPARADO1"
27/04/2017,"PREPARADO",1,214,"8043",T,4000,"PREPARADO1"
27/04/2017,"PREPARADO",1,140,"8060",T,4000,"PREPARADO1"
27/04/2017,"PREPARADO",1,269,"90081",T,4000,"PREPARADO1"
27/04/2017,"PREPARADO",1,168,"90083",T,4000,"PREPARADO1"
28/04/2017,"PREPARADO",1,158,"10551",T,4000,"PREPARADO1"
28/04/2017,"PREPARADO",1,18,"10554",T,4000,"PREPARADO1"
28/04/2017,"PREPARADO",1,247,"11077",T,4000,"PREPARADO1"
28/04/2017,"PREPARADO",1,119,"11123",T,4000,"PREPARADO1"
28/04/2017,"PREPARADO",1,36,"11932",T,4000,"PREPARADO1"
28/04/2017,"PREPARADO",1,258,"11974",T,4000,"PREPARADO1"
28/04/2017,"PREPARADO",1,168,"13584",T,4000,"PREPARADO1"
28/04/2017,"PREPARADO",1,99,"18299",T,4000,"PREPARADO1"
28/04/2017,"PREPARADO",1,142,"20021",T,4000,"PREPARADO1"
28/04/2017,"PREPARADO",1,196,"20081",T,4000,"PREPARADO1"
28/04/2017,"PREPARADO",1,22,"40801",T,4000,"PREPARADO1"
28/04/2017,"PREPARADO",1,166,"50013",T,4000,"PREPARADO1"
28/04/2017,"PREPARADO",1,200,"8044",T,4000,"PREPARADO1"
28/04/2017,"PREPARADO",1,60,"8060",T,4000,"PREPARADO1"
28/04/2017,"PREPARADO",1,190,"95042",T,4000,"PREPARADO1"
29/04/2017,"PREPARADO",1,200,"10300",T,2000,"PREPARADO1"
29/04/2017,"PREPARADO",1,194,"10303",T,2000,"PREPARADO1"
29/04/2017,"PREPARADO",1,60,"10551",T,2000,"PREPARADO1"
29/04/2017,"PREPARADO",1,210,"10552",T,2000,"PREPARADO1"
29/04/2017,"PREPARADO",1,170,"12984",T,2000,"PREPARADO1"
29/04/2017,"PREPARADO",1,188,"14076",T,2000,"PREPARADO1"
29/04/2017,"PREPARADO",1,225,"1525",T,2000,"PREPARADO1"
29/04/2017,"PREPARADO",1,272,"30022",T,2000,"PREPARADO1"
29/04/2017,"PREPARADO",1,50,"30093",T,2000,"PREPARADO1"
29/04/2017,"PREPARADO",1,50,"40801",T,2000,"PREPARADO1"
29/04/2017,"PREPARADO",1,146,"50013",T,2000,"PREPARADO1"
29/04/2017,"PREPARADO",1,150,"783",T,2000,"PREPARADO1"
29/04/2017,"PREPARADO",1,51,"95042",T,2000,"PREPARADO1"
29/04/2017,"PREPARADO",1,150,"95081",T,2000,"PREPARADO1"
02/05/2017,"PREPARADO",1,300,"10302",T,4000,"PREPARADO1"
02/05/2017,"PREPARADO",1,6,"10303",T,4000,"PREPARADO1"
02/05/2017,"PREPARADO",1,30,"10552",T,4000,"PREPARADO1"
02/05/2017,"PREPARADO",1,170,"10554",T,4000,"PREPARADO1"
02/05/2017,"PREPARADO",1,400,"10556",T,4000,"PREPARADO1"
02/05/2017,"PREPARADO",1,783,"10673",T,4000,"PREPARADO1"
02/05/2017,"PREPARADO",1,244,"11131",T,4000,"PREPARADO1"
02/05/2017,"PREPARADO",1,16,"11571",T,4000,"PREPARADO1"
02/05/2017,"PREPARADO",1,6,"11932",T,4000,"PREPARADO1"
02/05/2017,"PREPARADO",1,36,"12647",T,4000,"PREPARADO1"
02/05/2017,"PREPARADO",1,14,"13275",T,4000,"PREPARADO1"
02/05/2017,"PREPARADO",1,474,"1525",T,4000,"PREPARADO1"
02/05/2017,"PREPARADO",1,199,"1645",T,4000,"PREPARADO1"
02/05/2017,"PREPARADO",1,78,"18303",T,4000,"PREPARADO1"
02/05/2017,"PREPARADO",1,444,"18312",T,4000,"PREPARADO1"
02/05/2017,"PREPARADO",1,200,"18314",T,4000,"PREPARADO1"
02/05/2017,"PREPARADO",1,383,"18320",T,4000,"PREPARADO1"
02/05/2017,"PREPARADO",1,250,"2052",T,4000,"PREPARADO1"
02/05/2017,"PREPARADO",1,202,"30022",T,4000,"PREPARADO1"
02/05/2017,"PREPARADO",1,84,"30093",T,4000,"PREPARADO1"
02/05/2017,"PREPARADO",1,164,"30221",T,4000,"PREPARADO1"
02/05/2017,"PREPARADO",1,66,"30222",T,4000,"PREPARADO1"
02/05/2017,"PREPARADO",1,12,"40801",T,4000,"PREPARADO1"
02/05/2017,"PREPARADO",1,20,"50013",T,4000,"PREPARADO1"
02/05/2017,"PREPARADO",1,250,"550",T,4000,"PREPARADO1"
02/05/2017,"PREPARADO",1,100,"554",T,4000,"PREPARADO1"
02/05/2017,"PREPARADO",1,18,"60251",T,4000,"PREPARADO1"
02/05/2017,"PREPARADO",1,19,"75015",T,4000,"PREPARADO1"
02/05/2017,"PREPARADO",1,162,"8043",T,4000,"PREPARADO1"
02/05/2017,"PREPARADO",1,39,"95081",T,4000,"PREPARADO1"
03/05/2017,"PREPARADO",1,140,"10556",T,4000,"PREPARADO1"
03/05/2017,"PREPARADO",1,871,"10673",T,4000,"PREPARADO1"
03/05/2017,"PREPARADO",1,109,"10704",T,4000,"PREPARADO1"
03/05/2017,"PREPARADO",1,640,"11077",T,4000,"PREPARADO1"
03/05/2017,"PREPARADO",1,18,"11571",T,4000,"PREPARADO1"
03/05/2017,"PREPARADO",1,417,"12647",T,4000,"PREPARADO1"
03/05/2017,"PREPARADO",1,7,"13275",T,4000,"PREPARADO1"
03/05/2017,"PREPARADO",1,200,"18298",T,4000,"PREPARADO1"
03/05/2017,"PREPARADO",1,372,"18312",T,4000,"PREPARADO1"
03/05/2017,"PREPARADO",1,36,"20003",T,4000,"PREPARADO1"
03/05/2017,"PREPARADO",1,314,"60251",T,4000,"PREPARADO1"
03/05/2017,"PREPARADO",1,213,"60253",T,4000,"PREPARADO1"
03/05/2017,"PREPARADO",1,362,"75015",T,4000,"PREPARADO1"
03/05/2017,"PREPARADO",1,220,"8043",T,4000,"PREPARADO1"
03/05/2017,"PREPARADO",1,157,"8060",T,4000,"PREPARADO1"
03/05/2017,"PREPARADO",1,46,"90081",T,4000,"PREPARADO1"
03/05/2017,"PREPARADO",1,8,"9167",T,4000,"PREPARADO1"
08/04/2017,"FAMILIA",4,0,"",T,350,""
01/05/2017,"CORTE",2,0,"",T,4000,""
01/05/2017,"FAMILIA",1,0,"",T,713,""
01/05/2017,"FAMILIA",2,0,"",T,681,""
01/05/2017,"FAMILIA",4,0,"",T,610,""
01/05/2017,"FAMILIA",5,0,"",T,506,""
01/05/2017,"FAMILIA",6,0,"",T,539,""
01/05/2017,"MONTADO",1,0,"",T,1000,""
01/05/2017,"MONTADO",2,0,"",T,1000,""
01/05/2017,"MONTADO",3,0,"",T,1000,""
01/05/2017,"MONTADO",4,0,"",T,1000,""
01/05/2017,"PISOS",1,0,"",T,2000,""
01/05/2017,"PISOS",2,0,"",T,2000,""
01/05/2017,"PLANTAS",1,0,"",T,4000,""
01/05/2017,"PREPARADO",1,0,"",T,4000,""
